CustomerID,CompanyName,Total_MRR,Total_Seats,Total_Logins,Total_ActiveUsers,Total_APICalls,Total_SessionMinutes,Ticket_Count,Avg_Satisfaction,Cluster,Segment,Retention_Recommendation
C1001,Ishaan Joshi Systems,278.6,6.0,148.0,72.0,10276.0,2241.4,4.0,6.5,1,Active Growth Accounts,Encourage adoption of additional features and plans because strong usage indicates potential for account expansion.
C1002,Tara Sharma Technologies,246.76,4.0,217.0,134.0,15512.0,3021.1,4.0,7.0,1,Active Growth Accounts,Encourage adoption of additional features and plans because strong usage indicates potential for account expansion.
C1003,Zoya Das Systems,278.6,6.0,187.0,116.0,19771.0,4734.2,3.0,3.0,1,Active Growth Accounts,Encourage adoption of additional features and plans because strong usage indicates potential for account expansion.
C1004,Diya Joshi Labs,80.36,9.0,82.0,42.0,14012.0,2530.0,0.0,0.0,1,Active Growth Accounts,Encourage adoption of additional features and plans because strong usage indicates potential for account expansion.
C1005,Tara Joshi Systems,618.76,4.0,133.0,61.0,13232.0,2102.0,3.0,6.0,1,Active Growth Accounts,Encourage adoption of additional features and plans because strong usage indicates potential for account expansion.
C1006,Sanjay Reddy Labs,1618.92,2.0,86.0,51.0,8815.0,778.2,3.0,6.0,0,Support-Heavy Accounts,Investigate recurring support issues and provide targeted onboarding or product assistance to improve satisfaction.
C1007,Sai Das Technologies,658.68,5.0,117.0,64.0,25511.0,5778.9,2.0,8.5,1,Active Growth Accounts,Encourage adoption of additional features and plans because strong usage indicates potential for account expansion.
C1008,Nikita Gupta Solutions,818.36,9.0,155.0,104.0,23906.0,2882.3,2.0,7.5,1,Active Growth Accounts,Encourage adoption of additional features and plans because strong usage indicates potential for account expansion.
C1009,Rohan Patel Technologies,2098.6,6.0,220.0,116.0,10535.0,4973.4,4.0,5.75,0,Support-Heavy Accounts,Investigate recurring support issues and provide targeted onboarding or product assistance to improve satisfaction.
C1010,Tara Iyer Labs,278.6,6.0,81.0,33.0,4316.0,1004.6,6.0,5.333333333333333,3,Low-Engagement Accounts,"Use re-engagement campaigns, onboarding reminders and feature education to increase product usage."
C1011,Rohan Iyer Solutions,262.68,5.0,96.0,48.0,22182.0,5213.3,2.0,4.5,1,Active Growth Accounts,Encourage adoption of additional features and plans because strong usage indicates potential for account expansion.
C1012,Meera Patel Labs,1978.68,5.0,14.0,7.0,6827.0,1715.3,1.0,5.0,0,Support-Heavy Accounts,Investigate recurring support issues and provide targeted onboarding or product assistance to improve satisfaction.
C1013,Farhan Das Industries,1931.28,11.0,0.0,0.0,71.0,242.1,1.0,6.0,0,Support-Heavy Accounts,Investigate recurring support issues and provide targeted onboarding or product assistance to improve satisfaction.
C1014,Rahul Patel Industries,68.6,6.0,37.0,22.0,9530.0,1674.5,2.0,6.0,3,Low-Engagement Accounts,"Use re-engagement campaigns, onboarding reminders and feature education to increase product usage."
C1015,Sanjay Gupta Industries,246.76,4.0,61.0,34.0,15818.0,3158.3,3.0,5.0,1,Active Growth Accounts,Encourage adoption of additional features and plans because strong usage indicates potential for account expansion.
C1016,Diya Singh Industries,978.04,13.0,38.0,15.0,6672.0,1720.7,4.0,6.5,3,Low-Engagement Accounts,"Use re-engagement campaigns, onboarding reminders and feature education to increase product usage."
C1017,Rahul Reddy Solutions,60.76,4.0,24.0,13.0,2822.0,1829.2,3.0,4.0,3,Low-Engagement Accounts,"Use re-engagement campaigns, onboarding reminders and feature education to increase product usage."
C1018,Myra Khan Systems,2098.6,6.0,87.0,53.0,7947.0,2759.6,6.0,4.333333333333333,0,Support-Heavy Accounts,Investigate recurring support issues and provide targeted onboarding or product assistance to improve satisfaction.
C1019,Deepak Nair Labs,326.36,9.0,149.0,73.0,8711.0,2472.2999999999997,2.0,5.5,1,Active Growth Accounts,Encourage adoption of additional features and plans because strong usage indicates potential for account expansion.
C1020,Saanvi Menon Group,68.6,6.0,55.0,33.0,4663.0,1145.0,5.0,5.8,3,Low-Engagement Accounts,"Use re-engagement campaigns, onboarding reminders and feature education to increase product usage."
C1021,Vivaan Singh Systems,76.44,8.0,264.0,148.0,22493.0,4930.3,4.0,4.75,2,High-Value Power Users,"Provide proactive account management, premium support and expansion opportunities to protect high-value revenue."
C1022,Rahul Singh Technologies,64.68,5.0,44.0,17.0,22354.0,3823.9,8.0,6.125,1,Active Growth Accounts,Encourage adoption of additional features and plans because strong usage indicates potential for account expansion.
C1023,Meera Menon Industries,778.44,8.0,14.0,4.0,7528.0,1362.1,5.0,5.8,3,Low-Engagement Accounts,"Use re-engagement campaigns, onboarding reminders and feature education to increase product usage."
C1024,Vivaan Verma Solutions,246.76,4.0,47.0,22.0,1144.0,770.4000000000001,2.0,5.5,3,Low-Engagement Accounts,"Use re-engagement campaigns, onboarding reminders and feature education to increase product usage."
C1025,Diya Singh Labs,262.68,5.0,70.0,34.0,33541.0,5612.8,4.0,4.5,1,Active Growth Accounts,Encourage adoption of additional features and plans because strong usage indicates potential for account expansion.
C1026,Vivaan Singh Solutions,698.6,6.0,62.0,35.0,6120.0,1204.1,1.0,4.0,3,Low-Engagement Accounts,"Use re-engagement campaigns, onboarding reminders and feature education to increase product usage."
C1027,Vihaan Bose Group,778.44,8.0,18.0,10.0,2758.0,918.7,2.0,7.0,3,Low-Engagement Accounts,"Use re-engagement campaigns, onboarding reminders and feature education to increase product usage."
C1028,Ananya Gupta Solutions,294.52,7.0,206.0,123.0,14811.0,3007.7,4.0,5.0,1,Active Growth Accounts,Encourage adoption of additional features and plans because strong usage indicates potential for account expansion.
C1029,Sai Khan Technologies,698.6,6.0,81.0,35.0,14593.0,3177.8,6.0,6.333333333333333,1,Active Growth Accounts,Encourage adoption of additional features and plans because strong usage indicates potential for account expansion.
C1030,Rohan Bose Solutions,2458.36,9.0,396.0,231.0,16297.0,5676.0,2.0,6.0,2,High-Value Power Users,"Provide proactive account management, premium support and expansion opportunities to protect high-value revenue."
C1031,Isha Khan Technologies,294.52,7.0,0.0,0.0,0.0,0.0,3.0,6.666666666666667,3,Low-Engagement Accounts,"Use re-engagement campaigns, onboarding reminders and feature education to increase product usage."
C1032,Naveen Menon Industries,60.76,4.0,0.0,0.0,0.0,0.0,5.0,4.0,3,Low-Engagement Accounts,"Use re-engagement campaigns, onboarding reminders and feature education to increase product usage."
C1033,Arun Sharma Industries,342.28,10.0,146.0,93.0,18744.0,3730.3,5.0,5.4,1,Active Growth Accounts,Encourage adoption of additional features and plans because strong usage indicates potential for account expansion.
C1034,Sneha Rao Industries,2578.28,10.0,0.0,0.0,0.0,0.0,3.0,4.666666666666667,0,Support-Heavy Accounts,Investigate recurring support issues and provide targeted onboarding or product assistance to improve satisfaction.
C1035,Arjun Gupta Industries,1978.68,5.0,171.0,97.0,28076.0,5400.6,7.0,5.571428571428571,2,High-Value Power Users,"Provide proactive account management, premium support and expansion opportunities to protect high-value revenue."
C1036,Krishna Sharma Solutions,80.36,9.0,168.0,102.0,31827.0,3956.6,6.0,5.833333333333333,1,Active Growth Accounts,Encourage adoption of additional features and plans because strong usage indicates potential for account expansion.
C1037,Diya Das Industries,1978.68,5.0,42.0,23.0,6623.0,1911.7,3.0,5.666666666666667,0,Support-Heavy Accounts,Investigate recurring support issues and provide targeted onboarding or product assistance to improve satisfaction.
C1038,Sneha Menon Industries,246.76,4.0,71.0,38.0,9156.0,1877.9,4.0,4.25,3,Low-Engagement Accounts,"Use re-engagement campaigns, onboarding reminders and feature education to increase product usage."
C1039,Arjun Iyer Systems,76.44,8.0,83.0,42.0,27844.0,5371.4,2.0,6.5,1,Active Growth Accounts,Encourage adoption of additional features and plans because strong usage indicates potential for account expansion.
C1040,Reyansh Nair Labs,326.36,9.0,92.0,50.0,17865.0,2545.6,4.0,5.75,1,Active Growth Accounts,Encourage adoption of additional features and plans because strong usage indicates potential for account expansion.
C1041,Sanjay Khan Systems,437.8,16.0,111.0,56.0,17426.0,3163.5,2.0,5.5,1,Active Growth Accounts,Encourage adoption of additional features and plans because strong usage indicates potential for account expansion.
C1042,Meera Iyer Industries,60.76,4.0,311.0,183.0,33162.0,5197.9,3.0,6.0,2,High-Value Power Users,"Provide proactive account management, premium support and expansion opportunities to protect high-value revenue."
C1043,Aadhya Khan Systems,698.6,6.0,173.0,99.0,13399.0,3300.2,2.0,4.0,1,Active Growth Accounts,Encourage adoption of additional features and plans because strong usage indicates potential for account expansion.
C1044,Krishna Bose Solutions,246.76,4.0,78.0,41.0,4675.0,1085.2,3.0,5.0,3,Low-Engagement Accounts,"Use re-engagement campaigns, onboarding reminders and feature education to increase product usage."
C1045,Kavya Verma Solutions,2578.28,10.0,61.0,30.0,14787.0,1688.4,5.0,6.4,0,Support-Heavy Accounts,Investigate recurring support issues and provide targeted onboarding or product assistance to improve satisfaction.
C1046,Tara Patel Industries,294.52,3.0,35.0,10.0,12343.0,2652.6,6.0,5.833333333333333,3,Low-Engagement Accounts,"Use re-engagement campaigns, onboarding reminders and feature education to increase product usage."
C1047,Rohan Das Technologies,80.36,9.0,140.0,72.0,7995.0,1636.1999999999998,1.0,5.0,3,Low-Engagement Accounts,"Use re-engagement campaigns, onboarding reminders and feature education to increase product usage."
C1048,Aman Singh Labs,658.68,5.0,62.0,29.0,28335.0,3478.9,3.0,5.0,1,Active Growth Accounts,Encourage adoption of additional features and plans because strong usage indicates potential for account expansion.
C1049,Farhan Gupta Labs,4676.88,16.0,32.0,18.0,5258.0,685.9000000000001,7.0,6.714285714285714,0,Support-Heavy Accounts,Investigate recurring support issues and provide targeted onboarding or product assistance to improve satisfaction.
C1050,Arun Khan Solutions,1825.3600000000001,10.0,101.0,51.0,7638.0,2242.5,3.0,6.0,0,Support-Heavy Accounts,Investigate recurring support issues and provide targeted onboarding or product assistance to improve satisfaction.
C1051,Priya Gupta Labs,262.68,5.0,92.0,52.0,4768.0,1286.3,5.0,7.2,3,Low-Engagement Accounts,"Use re-engagement campaigns, onboarding reminders and feature education to increase product usage."
C1052,Aadhya Reddy Labs,390.04,13.0,92.0,59.0,10723.0,2131.9,4.0,5.25,3,Low-Engagement Accounts,"Use re-engagement campaigns, onboarding reminders and feature education to increase product usage."
C1053,Sanjay Joshi Group,310.44,8.0,84.0,43.0,8093.0,2017.3999999999999,2.0,6.5,3,Low-Engagement Accounts,"Use re-engagement campaigns, onboarding reminders and feature education to increase product usage."
C1054,Arjun Bose Group,818.36,9.0,14.0,9.0,4910.0,824.9,3.0,5.333333333333333,3,Low-Engagement Accounts,"Use re-engagement campaigns, onboarding reminders and feature education to increase product usage."
C1055,Arun Rao Technologies,68.6,6.0,134.0,64.0,20493.0,2621.9,3.0,6.0,1,Active Growth Accounts,Encourage adoption of additional features and plans because strong usage indicates potential for account expansion.
C1056,Kavya Rao Systems,658.68,5.0,14.0,6.0,14097.0,1681.6999999999998,4.0,4.5,3,Low-Engagement Accounts,"Use re-engagement campaigns, onboarding reminders and feature education to increase product usage."
C1057,Reyansh Joshi Industries,76.44,8.0,260.0,136.0,14388.0,3077.1,1.0,9.0,1,Active Growth Accounts,Encourage adoption of additional features and plans because strong usage indicates potential for account expansion.
C1058,Riya Das Labs,64.68,5.0,45.0,23.0,4003.0,724.0,1.0,9.0,3,Low-Engagement Accounts,"Use re-engagement campaigns, onboarding reminders and feature education to increase product usage."
C1059,Myra Verma Labs,658.68,5.0,113.0,71.0,4999.0,1587.3,2.0,6.5,3,Low-Engagement Accounts,"Use re-engagement campaigns, onboarding reminders and feature education to increase product usage."
C1060,Aarav Reddy Systems,80.36,9.0,385.0,224.0,31791.0,4374.7,2.0,5.5,2,High-Value Power Users,"Provide proactive account management, premium support and expansion opportunities to protect high-value revenue."
C1061,Isha Gupta Group,310.44,8.0,266.0,158.0,16514.0,5155.2,2.0,6.5,2,High-Value Power Users,"Provide proactive account management, premium support and expansion opportunities to protect high-value revenue."
C1062,Kavya Das Solutions,358.2,11.0,6.0,2.0,2946.0,438.0,2.0,5.0,3,Low-Engagement Accounts,"Use re-engagement campaigns, onboarding reminders and feature education to increase product usage."
C1063,Rahul Menon Systems,56.84,3.0,52.0,25.0,12377.0,1460.6,4.0,4.75,3,Low-Engagement Accounts,"Use re-engagement campaigns, onboarding reminders and feature education to increase product usage."
C1064,Riya Sharma Technologies,68.6,6.0,88.0,39.0,16026.0,2546.0,1.0,8.0,1,Active Growth Accounts,Encourage adoption of additional features and plans because strong usage indicates potential for account expansion.
C1065,Priya Verma Systems,898.2,11.0,90.0,47.0,19830.0,4097.7,4.0,6.25,1,Active Growth Accounts,Encourage adoption of additional features and plans because strong usage indicates potential for account expansion.
C1066,Ishaan Reddy Solutions,88.2,11.0,32.0,16.0,8966.0,1407.7,3.0,3.3333333333333335,3,Low-Engagement Accounts,"Use re-engagement campaigns, onboarding reminders and feature education to increase product usage."
C1067,Tara Khan Group,326.36,9.0,139.0,83.0,23539.0,2360.9,6.0,5.833333333333333,1,Active Growth Accounts,Encourage adoption of additional features and plans because strong usage indicates potential for account expansion.
C1068,Ananya Gupta Industries,262.68,5.0,5.0,1.0,1291.0,625.5999999999999,2.0,5.5,3,Low-Engagement Accounts,"Use re-engagement campaigns, onboarding reminders and feature education to increase product usage."
C1069,Aadhya Joshi Systems,80.36,9.0,262.0,141.0,17132.0,4548.9,2.0,7.5,2,High-Value Power Users,"Provide proactive account management, premium support and expansion opportunities to protect high-value revenue."
C1070,Kiara Das Solutions,64.68,5.0,0.0,0.0,0.0,0.0,3.0,7.0,3,Low-Engagement Accounts,"Use re-engagement campaigns, onboarding reminders and feature education to increase product usage."
C1071,Arjun Patel Labs,326.36,9.0,82.0,41.0,7361.0,969.3,4.0,6.0,3,Low-Engagement Accounts,"Use re-engagement campaigns, onboarding reminders and feature education to increase product usage."
C1072,Rohan Gupta Technologies,278.6,6.0,368.0,211.0,45924.0,4879.2,8.0,5.75,2,High-Value Power Users,"Provide proactive account management, premium support and expansion opportunities to protect high-value revenue."
C1073,Vivaan Menon Group,84.28,10.0,150.0,86.0,29996.0,4698.9,4.0,3.25,1,Active Growth Accounts,Encourage adoption of additional features and plans because strong usage indicates potential for account expansion.
C1074,Priya Khan Group,294.52,7.0,22.0,12.0,3339.0,647.0,5.0,4.4,3,Low-Engagement Accounts,"Use re-engagement campaigns, onboarding reminders and feature education to increase product usage."
C1075,Ishaan Khan Industries,738.52,7.0,39.0,22.0,12737.0,2030.6,5.0,6.6,3,Low-Engagement Accounts,"Use re-engagement campaigns, onboarding reminders and feature education to increase product usage."
C1076,Arun Khan Labs,2542.6400000000003,19.0,97.0,46.0,3740.0,1196.6,3.0,4.0,0,Support-Heavy Accounts,Investigate recurring support issues and provide targeted onboarding or product assistance to improve satisfaction.
C1077,Krishna Nair Industries,80.36,9.0,64.0,35.0,21829.0,2317.6,4.0,7.5,1,Active Growth Accounts,Encourage adoption of additional features and plans because strong usage indicates potential for account expansion.
C1078,Rohan Patel Group,76.44,8.0,32.0,13.0,12136.0,2280.5,8.0,6.0,3,Low-Engagement Accounts,"Use re-engagement campaigns, onboarding reminders and feature education to increase product usage."
C1079,Arun Rao Industries,778.44,8.0,73.0,43.0,8715.0,1308.6,5.0,7.2,3,Low-Engagement Accounts,"Use re-engagement campaigns, onboarding reminders and feature education to increase product usage."
C1080,Rohan Sharma Group,310.44,8.0,29.0,14.0,11010.0,1817.1999999999998,2.0,5.5,3,Low-Engagement Accounts,"Use re-engagement campaigns, onboarding reminders and feature education to increase product usage."
C1081,Ananya Nair Group,64.68,5.0,21.0,8.0,6779.0,2164.7,3.0,6.666666666666667,3,Low-Engagement Accounts,"Use re-engagement campaigns, onboarding reminders and feature education to increase product usage."
C1082,Aadhya Nair Systems,294.52,7.0,92.0,41.0,8629.0,1994.1,6.0,4.333333333333333,3,Low-Engagement Accounts,"Use re-engagement campaigns, onboarding reminders and feature education to increase product usage."
C1083,Deepak Das Group,80.36,9.0,63.0,31.0,21976.0,2616.3,1.0,5.0,1,Active Growth Accounts,Encourage adoption of additional features and plans because strong usage indicates potential for account expansion.
C1084,Meera Patel Industries,294.52,7.0,0.0,0.0,0.0,0.0,5.0,6.6,3,Low-Engagement Accounts,"Use re-engagement campaigns, onboarding reminders and feature education to increase product usage."
C1085,Aditya Reddy Group,618.76,4.0,109.0,60.0,5745.0,1269.1000000000001,2.0,8.0,3,Low-Engagement Accounts,"Use re-engagement campaigns, onboarding reminders and feature education to increase product usage."
C1086,Karthik Sharma Systems,818.36,9.0,46.0,21.0,24023.0,5188.8,2.0,2.5,1,Active Growth Accounts,Encourage adoption of additional features and plans because strong usage indicates potential for account expansion.
C1087,Diya Iyer Labs,60.76,4.0,10.0,6.0,4931.0,369.0,4.0,5.75,3,Low-Engagement Accounts,"Use re-engagement campaigns, onboarding reminders and feature education to increase product usage."
C1088,Reyansh Das Technologies,310.44,8.0,65.0,31.0,25835.0,4372.1,3.0,6.333333333333333,1,Active Growth Accounts,Encourage adoption of additional features and plans because strong usage indicates potential for account expansion.
C1089,Reyansh Bose Solutions,294.52,9.0,22.0,9.0,9825.0,2563.9,4.0,7.5,3,Low-Engagement Accounts,"Use re-engagement campaigns, onboarding reminders and feature education to increase product usage."
C1090,Aarav Menon Group,326.36,9.0,9.0,4.0,2140.0,551.8,3.0,6.333333333333333,3,Low-Engagement Accounts,"Use re-engagement campaigns, onboarding reminders and feature education to increase product usage."
C1091,Myra Nair Solutions,618.76,4.0,13.0,6.0,1649.0,739.0999999999999,3.0,1.0,3,Low-Engagement Accounts,"Use re-engagement campaigns, onboarding reminders and feature education to increase product usage."
C1092,Aman Sharma Solutions,68.6,6.0,7.0,2.0,3097.0,221.8,2.0,4.5,3,Low-Engagement Accounts,"Use re-engagement campaigns, onboarding reminders and feature education to increase product usage."
C1093,Aarav Joshi Technologies,658.68,5.0,263.0,159.0,32589.0,5688.2,5.0,5.4,2,High-Value Power Users,"Provide proactive account management, premium support and expansion opportunities to protect high-value revenue."
C1094,Isha Nair Solutions,1858.76,4.0,377.0,206.0,34990.0,5469.5,2.0,5.0,2,High-Value Power Users,"Provide proactive account management, premium support and expansion opportunities to protect high-value revenue."
C1095,Aarav Das Industries,72.52,7.0,170.0,92.0,25465.0,5224.7,2.0,2.0,1,Active Growth Accounts,Encourage adoption of additional features and plans because strong usage indicates potential for account expansion.
C1096,Deepak Gupta Labs,310.44,8.0,151.0,75.0,14710.0,2549.2,5.0,6.4,1,Active Growth Accounts,Encourage adoption of additional features and plans because strong usage indicates potential for account expansion.
C1097,Diya Gupta Industries,68.6,6.0,4.0,2.0,142.0,350.7,5.0,7.0,3,Low-Engagement Accounts,"Use re-engagement campaigns, onboarding reminders and feature education to increase product usage."
C1098,Myra Nair Systems,818.36,9.0,78.0,38.0,10967.0,2559.7,3.0,5.0,3,Low-Engagement Accounts,"Use re-engagement campaigns, onboarding reminders and feature education to increase product usage."
C1099,Ishaan Patel Group,88.2,11.0,69.0,33.0,9438.0,1938.2,3.0,6.333333333333333,3,Low-Engagement Accounts,"Use re-engagement campaigns, onboarding reminders and feature education to increase product usage."
C1100,Priya Gupta Solutions,2098.6,6.0,99.0,50.0,4439.0,1477.6,2.0,4.5,0,Support-Heavy Accounts,Investigate recurring support issues and provide targeted onboarding or product assistance to improve satisfaction.
C1101,Zoya Bose Industries,294.52,7.0,166.0,86.0,20407.0,5621.4,2.0,4.0,1,Active Growth Accounts,Encourage adoption of additional features and plans because strong usage indicates potential for account expansion.
C1102,Deepak Iyer Solutions,2218.52,7.0,329.0,181.0,27520.0,5287.599999999999,2.0,6.5,2,High-Value Power Users,"Provide proactive account management, premium support and expansion opportunities to protect high-value revenue."
C1103,Pooja Menon Group,3057.96,14.0,205.0,127.0,19629.0,4535.4,2.0,5.0,0,Support-Heavy Accounts,Investigate recurring support issues and provide targeted onboarding or product assistance to improve satisfaction.
C1104,Farhan Iyer Group,72.52,7.0,14.0,6.0,3179.0,731.8,1.0,2.0,3,Low-Engagement Accounts,"Use re-engagement campaigns, onboarding reminders and feature education to increase product usage."
C1105,Riya Gupta Labs,698.6,6.0,218.0,120.0,40850.0,6135.1,2.0,6.5,2,High-Value Power Users,"Provide proactive account management, premium support and expansion opportunities to protect high-value revenue."
C1106,Ananya Singh Group,199.0,1.0,19.0,11.0,5248.0,1062.8000000000002,3.0,4.333333333333333,3,Low-Engagement Accounts,"Use re-engagement campaigns, onboarding reminders and feature education to increase product usage."
C1107,Isha Nair Technologies,64.68,5.0,131.0,68.0,9557.0,1669.5,4.0,4.75,3,Low-Engagement Accounts,"Use re-engagement campaigns, onboarding reminders and feature education to increase product usage."
C1108,Saanvi Joshi Systems,68.6,6.0,319.0,195.0,14818.0,5954.4,2.0,8.5,2,High-Value Power Users,"Provide proactive account management, premium support and expansion opportunities to protect high-value revenue."
C1109,Kiara Verma Industries,262.68,5.0,397.0,218.0,22170.0,5452.4,6.0,6.166666666666667,2,High-Value Power Users,"Provide proactive account management, premium support and expansion opportunities to protect high-value revenue."
C1110,Tara Sharma Solutions,294.52,7.0,70.0,37.0,7955.0,1803.8,1.0,7.0,3,Low-Engagement Accounts,"Use re-engagement campaigns, onboarding reminders and feature education to increase product usage."
C1111,Priya Khan Industries,658.68,5.0,97.0,57.0,13354.0,2055.6,6.0,5.166666666666667,3,Low-Engagement Accounts,"Use re-engagement campaigns, onboarding reminders and feature education to increase product usage."
C1112,Aarav Singh Labs,72.52,7.0,197.0,115.0,12639.0,2097.6,7.0,6.0,1,Active Growth Accounts,Encourage adoption of additional features and plans because strong usage indicates potential for account expansion.
C1113,Riya Iyer Technologies,2578.28,10.0,75.0,58.0,5941.0,898.3,5.0,5.0,0,Support-Heavy Accounts,Investigate recurring support issues and provide targeted onboarding or product assistance to improve satisfaction.
C1114,Aadhya Das Industries,80.36,9.0,43.0,27.0,7252.0,711.9,2.0,4.5,3,Low-Engagement Accounts,"Use re-engagement campaigns, onboarding reminders and feature education to increase product usage."
C1115,Rahul Rao Labs,88.2,11.0,32.0,11.0,4271.0,925.6999999999999,5.0,6.0,3,Low-Engagement Accounts,"Use re-engagement campaigns, onboarding reminders and feature education to increase product usage."
C1116,Isha Gupta Group,80.36,9.0,3.0,2.0,1626.0,206.0,5.0,5.2,3,Low-Engagement Accounts,"Use re-engagement campaigns, onboarding reminders and feature education to increase product usage."
C1117,Arun Gupta Labs,738.52,7.0,21.0,15.0,1511.0,839.0999999999999,3.0,4.666666666666667,3,Low-Engagement Accounts,"Use re-engagement campaigns, onboarding reminders and feature education to increase product usage."
C1118,Ishaan Reddy Group,278.6,6.0,25.0,9.0,2732.0,1294.8,1.0,2.0,3,Low-Engagement Accounts,"Use re-engagement campaigns, onboarding reminders and feature education to increase product usage."
C1119,Deepak Verma Systems,72.52,7.0,143.0,78.0,31571.0,4465.8,3.0,7.333333333333333,1,Active Growth Accounts,Encourage adoption of additional features and plans because strong usage indicates potential for account expansion.
C1120,Pooja Rao Solutions,310.44,8.0,53.0,31.0,6893.0,2091.4,2.0,5.0,3,Low-Engagement Accounts,"Use re-engagement campaigns, onboarding reminders and feature education to increase product usage."
C1121,Ishaan Singh Group,1858.76,4.0,361.0,190.0,16589.0,5596.4,3.0,6.0,2,High-Value Power Users,"Provide proactive account management, premium support and expansion opportunities to protect high-value revenue."
C1122,Aarav Gupta Technologies,310.44,8.0,51.0,26.0,11495.0,1316.7,3.0,5.0,3,Low-Engagement Accounts,"Use re-engagement campaigns, onboarding reminders and feature education to increase product usage."
C1123,Vihaan Joshi Solutions,92.12,12.0,103.0,64.0,8648.0,2245.8,5.0,5.0,3,Low-Engagement Accounts,"Use re-engagement campaigns, onboarding reminders and feature education to increase product usage."
C1124,Krishna Sharma Systems,278.6,6.0,27.0,16.0,5295.0,1553.3,1.0,6.0,3,Low-Engagement Accounts,"Use re-engagement campaigns, onboarding reminders and feature education to increase product usage."
C1125,Kiara Verma Systems,88.2,11.0,171.0,97.0,12809.0,1938.2,5.0,5.6,1,Active Growth Accounts,Encourage adoption of additional features and plans because strong usage indicates potential for account expansion.
C1126,Sneha Iyer Group,96.04,13.0,198.0,131.0,18920.0,4027.4,4.0,5.25,1,Active Growth Accounts,Encourage adoption of additional features and plans because strong usage indicates potential for account expansion.
C1127,Divya Gupta Labs,278.6,6.0,173.0,91.0,17903.0,2411.2,6.0,4.166666666666667,1,Active Growth Accounts,Encourage adoption of additional features and plans because strong usage indicates potential for account expansion.
C1128,Sneha Rao Industries,88.2,11.0,325.0,187.0,29390.0,3862.2,2.0,6.5,2,High-Value Power Users,"Provide proactive account management, premium support and expansion opportunities to protect high-value revenue."
C1129,Farhan Reddy Labs,858.28,10.0,57.0,32.0,3842.0,1717.3,3.0,6.333333333333333,3,Low-Engagement Accounts,"Use re-engagement campaigns, onboarding reminders and feature education to increase product usage."
C1130,Nikita Iyer Technologies,80.36,9.0,181.0,108.0,18465.0,2618.8,3.0,8.333333333333334,1,Active Growth Accounts,Encourage adoption of additional features and plans because strong usage indicates potential for account expansion.
C1131,Aditya Menon Industries,525.36,10.0,129.0,65.0,23099.0,4145.5,4.0,4.75,1,Active Growth Accounts,Encourage adoption of additional features and plans because strong usage indicates potential for account expansion.
C1132,Sneha Khan Solutions,775.04,14.0,37.0,14.0,9322.0,2167.1,0.0,0.0,3,Low-Engagement Accounts,"Use re-engagement campaigns, onboarding reminders and feature education to increase product usage."
C1133,Divya Nair Solutions,80.36,9.0,0.0,0.0,0.0,0.0,1.0,8.0,3,Low-Engagement Accounts,"Use re-engagement campaigns, onboarding reminders and feature education to increase product usage."
C1134,Tara Reddy Industries,56.84,3.0,453.0,232.0,31979.0,5905.8,6.0,5.666666666666667,2,High-Value Power Users,"Provide proactive account management, premium support and expansion opportunities to protect high-value revenue."
C1135,Nikita Menon Solutions,246.76,4.0,159.0,95.0,18102.0,3275.8,3.0,4.666666666666667,1,Active Growth Accounts,Encourage adoption of additional features and plans because strong usage indicates potential for account expansion.
C1136,Deepak Bose Group,294.52,7.0,47.0,25.0,12966.0,2207.4,0.0,0.0,3,Low-Engagement Accounts,"Use re-engagement campaigns, onboarding reminders and feature education to increase product usage."
C1137,Arun Verma Labs,342.28,10.0,110.0,62.0,8261.0,1366.6,6.0,5.5,3,Low-Engagement Accounts,"Use re-engagement campaigns, onboarding reminders and feature education to increase product usage."
C1138,Meera Sharma Labs,84.28,10.0,50.0,25.0,3912.0,601.3000000000001,5.0,5.0,3,Low-Engagement Accounts,"Use re-engagement campaigns, onboarding reminders and feature education to increase product usage."
C1139,Arjun Menon Group,68.6,6.0,211.0,108.0,33461.0,4953.2,4.0,5.25,1,Active Growth Accounts,Encourage adoption of additional features and plans because strong usage indicates potential for account expansion.
C1140,Aarav Nair Systems,278.6,6.0,36.0,15.0,1991.0,781.7,7.0,5.285714285714286,3,Low-Engagement Accounts,"Use re-engagement campaigns, onboarding reminders and feature education to increase product usage."
C1141,Ananya Joshi Industries,278.6,6.0,136.0,71.0,28450.0,6789.9,4.0,4.0,1,Active Growth Accounts,Encourage adoption of additional features and plans because strong usage indicates potential for account expansion.
C1142,Kavya Reddy Technologies,326.36,9.0,270.0,151.0,27711.0,5823.3,4.0,6.75,2,High-Value Power Users,"Provide proactive account management, premium support and expansion opportunities to protect high-value revenue."
C1143,Reyansh Menon Solutions,88.2,11.0,98.0,52.0,10005.0,2354.3,4.0,4.5,3,Low-Engagement Accounts,"Use re-engagement campaigns, onboarding reminders and feature education to increase product usage."
C1144,Aditya Sharma Technologies,2698.2,11.0,216.0,131.0,22209.0,3397.3,3.0,5.0,0,Support-Heavy Accounts,Investigate recurring support issues and provide targeted onboarding or product assistance to improve satisfaction.
C1145,Pooja Reddy Solutions,68.6,6.0,313.0,169.0,23925.0,6105.9,5.0,5.0,2,High-Value Power Users,"Provide proactive account management, premium support and expansion opportunities to protect high-value revenue."
C1146,Priya Iyer Technologies,294.52,7.0,132.0,68.0,24680.0,5860.7,2.0,3.5,1,Active Growth Accounts,Encourage adoption of additional features and plans because strong usage indicates potential for account expansion.
C1147,Vivaan Khan Technologies,262.68,5.0,173.0,85.0,13087.0,3993.0,2.0,4.5,1,Active Growth Accounts,Encourage adoption of additional features and plans because strong usage indicates potential for account expansion.
C1148,Divya Bose Solutions,778.44,8.0,18.0,7.0,3392.0,832.8000000000001,1.0,3.0,3,Low-Engagement Accounts,"Use re-engagement campaigns, onboarding reminders and feature education to increase product usage."
C1149,Vivaan Verma Technologies,1978.68,5.0,71.0,39.0,23494.0,5919.3,5.0,5.0,1,Active Growth Accounts,Encourage adoption of additional features and plans because strong usage indicates potential for account expansion.
C1150,Rahul Singh Technologies,578.84,3.0,0.0,0.0,0.0,0.0,3.0,5.0,3,Low-Engagement Accounts,"Use re-engagement campaigns, onboarding reminders and feature education to increase product usage."
C1151,Aman Gupta Solutions,778.44,8.0,132.0,77.0,10874.0,1887.0,1.0,2.0,1,Active Growth Accounts,Encourage adoption of additional features and plans because strong usage indicates potential for account expansion.
C1152,Nikita Verma Technologies,294.52,7.0,19.0,7.0,4282.0,886.7,5.0,5.2,3,Low-Engagement Accounts,"Use re-engagement campaigns, onboarding reminders and feature education to increase product usage."
C1153,Aadhya Patel Solutions,618.76,4.0,30.0,11.0,7219.0,1156.8,1.0,8.0,3,Low-Engagement Accounts,"Use re-engagement campaigns, onboarding reminders and feature education to increase product usage."
C1154,Kiara Das Group,723.3599999999999,10.0,8.0,4.0,3649.0,657.9000000000001,1.0,6.0,3,Low-Engagement Accounts,"Use re-engagement campaigns, onboarding reminders and feature education to increase product usage."
C1155,Naveen Verma Technologies,2098.6,6.0,97.0,46.0,21903.0,4323.0,3.0,6.666666666666667,0,Support-Heavy Accounts,Investigate recurring support issues and provide targeted onboarding or product assistance to improve satisfaction.
C1156,Diya Sharma Technologies,2218.52,7.0,85.0,46.0,12133.0,2974.4,2.0,6.5,0,Support-Heavy Accounts,Investigate recurring support issues and provide targeted onboarding or product assistance to improve satisfaction.
C1157,Meera Joshi Solutions,230.84,3.0,76.0,39.0,15644.0,2611.0,6.0,5.166666666666667,1,Active Growth Accounts,Encourage adoption of additional features and plans because strong usage indicates potential for account expansion.
C1158,Farhan Nair Labs,84.28,10.0,201.0,97.0,21070.0,5085.2,3.0,5.666666666666667,1,Active Growth Accounts,Encourage adoption of additional features and plans because strong usage indicates potential for account expansion.
C1159,Deepak Bose Systems,80.36,9.0,50.0,26.0,5396.0,952.8,6.0,5.333333333333333,3,Low-Engagement Accounts,"Use re-engagement campaigns, onboarding reminders and feature education to increase product usage."
C1160,Ishaan Singh Group,68.6,6.0,10.0,4.0,597.0,228.8,4.0,5.0,3,Low-Engagement Accounts,"Use re-engagement campaigns, onboarding reminders and feature education to increase product usage."
C1161,Sneha Das Systems,246.76,4.0,22.0,9.0,21178.0,2260.1,3.0,4.0,1,Active Growth Accounts,Encourage adoption of additional features and plans because strong usage indicates potential for account expansion.
C1162,Divya Nair Technologies,2098.6,6.0,26.0,14.0,1159.0,551.1999999999999,3.0,5.666666666666667,0,Support-Heavy Accounts,Investigate recurring support issues and provide targeted onboarding or product assistance to improve satisfaction.
C1163,Meera Menon Industries,278.6,6.0,89.0,45.0,24521.0,3983.4,3.0,4.0,1,Active Growth Accounts,Encourage adoption of additional features and plans because strong usage indicates potential for account expansion.
C1164,Saanvi Menon Systems,80.36,9.0,255.0,139.0,27508.0,3747.0,3.0,4.666666666666667,2,High-Value Power Users,"Provide proactive account management, premium support and expansion opportunities to protect high-value revenue."
C1165,Arjun Das Solutions,72.52,7.0,153.0,93.0,13464.0,2518.4,5.0,5.4,1,Active Growth Accounts,Encourage adoption of additional features and plans because strong usage indicates potential for account expansion.
C1166,Deepak Joshi Industries,2338.44,8.0,31.0,21.0,7565.0,1049.7,3.0,4.0,0,Support-Heavy Accounts,Investigate recurring support issues and provide targeted onboarding or product assistance to improve satisfaction.
C1167,Aarav Patel Labs,278.6,6.0,66.0,26.0,26818.0,4928.8,4.0,6.75,1,Active Growth Accounts,Encourage adoption of additional features and plans because strong usage indicates potential for account expansion.
C1168,Aditya Joshi Solutions,56.84,3.0,318.0,164.0,12269.0,3954.2,2.0,6.5,2,High-Value Power Users,"Provide proactive account management, premium support and expansion opportunities to protect high-value revenue."
C1169,Reyansh Menon Solutions,658.68,5.0,16.0,7.0,8651.0,1094.9,3.0,9.333333333333334,3,Low-Engagement Accounts,"Use re-engagement campaigns, onboarding reminders and feature education to increase product usage."
C1170,Diya Verma Industries,76.44,8.0,74.0,46.0,5555.0,912.7,2.0,4.5,3,Low-Engagement Accounts,"Use re-engagement campaigns, onboarding reminders and feature education to increase product usage."
C1171,Aditya Khan Industries,294.52,8.0,270.0,135.0,20380.0,3424.1,0.0,0.0,1,Active Growth Accounts,Encourage adoption of additional features and plans because strong usage indicates potential for account expansion.
C1172,Reyansh Menon Industries,818.36,9.0,23.0,10.0,2296.0,209.9,0.0,0.0,3,Low-Engagement Accounts,"Use re-engagement campaigns, onboarding reminders and feature education to increase product usage."
C1173,Kiara Bose Labs,76.44,8.0,35.0,20.0,6443.0,571.4,1.0,5.0,3,Low-Engagement Accounts,"Use re-engagement campaigns, onboarding reminders and feature education to increase product usage."
C1174,Vivaan Verma Systems,230.84,3.0,63.0,28.0,7341.0,935.7,6.0,6.0,3,Low-Engagement Accounts,"Use re-engagement campaigns, onboarding reminders and feature education to increase product usage."
C1175,Pooja Bose Solutions,56.84,3.0,103.0,47.0,22317.0,4691.6,7.0,5.714285714285714,1,Active Growth Accounts,Encourage adoption of additional features and plans because strong usage indicates potential for account expansion.
C1176,Sneha Khan Technologies,72.52,7.0,60.0,29.0,1509.0,798.1,5.0,4.8,3,Low-Engagement Accounts,"Use re-engagement campaigns, onboarding reminders and feature education to increase product usage."
C1177,Isha Gupta Group,72.52,7.0,245.0,156.0,17908.0,4081.4,5.0,5.2,2,High-Value Power Users,"Provide proactive account management, premium support and expansion opportunities to protect high-value revenue."
C1178,Isha Menon Solutions,326.36,9.0,360.0,205.0,24438.0,4765.1,2.0,4.5,2,High-Value Power Users,"Provide proactive account management, premium support and expansion opportunities to protect high-value revenue."
C1179,Sneha Iyer Solutions,60.76,4.0,30.0,14.0,5745.0,1048.6,3.0,5.0,3,Low-Engagement Accounts,"Use re-engagement campaigns, onboarding reminders and feature education to increase product usage."
C1180,Rahul Menon Labs,68.6,6.0,142.0,94.0,8996.0,1991.9,1.0,1.0,1,Active Growth Accounts,Encourage adoption of additional features and plans because strong usage indicates potential for account expansion.
C1181,Isha Reddy Labs,230.84,3.0,65.0,34.0,2741.0,725.8,2.0,4.5,3,Low-Engagement Accounts,"Use re-engagement campaigns, onboarding reminders and feature education to increase product usage."
C1182,Arun Menon Labs,1978.68,5.0,37.0,14.0,14175.0,2507.7,4.0,3.75,0,Support-Heavy Accounts,Investigate recurring support issues and provide targeted onboarding or product assistance to improve satisfaction.
C1183,Sanjay Gupta Labs,402.8,17.0,52.0,26.0,10636.0,1341.9,3.0,6.0,3,Low-Engagement Accounts,"Use re-engagement campaigns, onboarding reminders and feature education to increase product usage."
C1184,Meera Verma Group,818.36,9.0,192.0,99.0,21884.0,5320.3,2.0,3.5,1,Active Growth Accounts,Encourage adoption of additional features and plans because strong usage indicates potential for account expansion.
C1185,Zoya Rao Labs,294.52,7.0,53.0,27.0,6286.0,1016.2,3.0,6.0,3,Low-Engagement Accounts,"Use re-engagement campaigns, onboarding reminders and feature education to increase product usage."
C1186,Diya Rao Technologies,738.52,7.0,104.0,59.0,22089.0,3798.4,3.0,6.0,1,Active Growth Accounts,Encourage adoption of additional features and plans because strong usage indicates potential for account expansion.
C1187,Pooja Gupta Group,578.84,3.0,209.0,122.0,18117.0,2975.9,2.0,5.5,1,Active Growth Accounts,Encourage adoption of additional features and plans because strong usage indicates potential for account expansion.
C1188,Tara Rao Industries,778.44,8.0,389.0,245.0,35150.0,4804.6,4.0,5.0,2,High-Value Power Users,"Provide proactive account management, premium support and expansion opportunities to protect high-value revenue."
C1189,Kiara Patel Group,310.44,8.0,19.0,9.0,8596.0,604.3,1.0,3.0,3,Low-Engagement Accounts,"Use re-engagement campaigns, onboarding reminders and feature education to increase product usage."
C1190,Myra Joshi Solutions,342.28,10.0,53.0,18.0,24468.0,5894.7,1.0,9.0,1,Active Growth Accounts,Encourage adoption of additional features and plans because strong usage indicates potential for account expansion.
C1191,Sai Patel Industries,68.6,6.0,246.0,131.0,13042.0,3241.4,2.0,6.5,1,Active Growth Accounts,Encourage adoption of additional features and plans because strong usage indicates potential for account expansion.
C1192,Deepak Nair Technologies,84.28,10.0,62.0,32.0,22798.0,4445.2,4.0,5.0,1,Active Growth Accounts,Encourage adoption of additional features and plans because strong usage indicates potential for account expansion.
C1193,Diya Menon Systems,278.6,6.0,18.0,10.0,5062.0,1498.6,2.0,5.0,3,Low-Engagement Accounts,"Use re-engagement campaigns, onboarding reminders and feature education to increase product usage."
C1194,Zoya Bose Group,3957.3599999999997,10.0,105.0,62.0,7975.0,1555.5,5.0,5.2,0,Support-Heavy Accounts,Investigate recurring support issues and provide targeted onboarding or product assistance to improve satisfaction.
C1195,Aman Gupta Labs,2578.28,10.0,224.0,120.0,20385.0,4668.9,5.0,5.2,0,Support-Heavy Accounts,Investigate recurring support issues and provide targeted onboarding or product assistance to improve satisfaction.
C1196,Ananya Singh Industries,99.96,14.0,6.0,2.0,3590.0,589.8,3.0,7.333333333333333,3,Low-Engagement Accounts,"Use re-engagement campaigns, onboarding reminders and feature education to increase product usage."
C1197,Sanjay Menon Industries,88.2,11.0,86.0,49.0,19714.0,2455.6,6.0,5.333333333333333,1,Active Growth Accounts,Encourage adoption of additional features and plans because strong usage indicates potential for account expansion.
C1198,Ananya Sharma Labs,2218.52,7.0,377.0,179.0,28182.0,5368.0,6.0,6.5,2,High-Value Power Users,"Provide proactive account management, premium support and expansion opportunities to protect high-value revenue."
C1199,Aman Singh Labs,278.6,6.0,12.0,5.0,7005.0,1241.4,1.0,5.0,3,Low-Engagement Accounts,"Use re-engagement campaigns, onboarding reminders and feature education to increase product usage."
C1200,Kavya Rao Industries,60.76,4.0,21.0,7.0,927.0,447.9,3.0,4.666666666666667,3,Low-Engagement Accounts,"Use re-engagement campaigns, onboarding reminders and feature education to increase product usage."
C1201,Naveen Patel Labs,1858.76,4.0,20.0,9.0,185.0,337.2,4.0,5.5,0,Support-Heavy Accounts,Investigate recurring support issues and provide targeted onboarding or product assistance to improve satisfaction.
C1202,Karthik Iyer Labs,1112.88,16.0,18.0,6.0,1956.0,335.6,1.0,5.0,3,Low-Engagement Accounts,"Use re-engagement campaigns, onboarding reminders and feature education to increase product usage."
C1203,Saanvi Reddy Industries,858.28,10.0,36.0,22.0,8114.0,821.0,2.0,7.0,3,Low-Engagement Accounts,"Use re-engagement campaigns, onboarding reminders and feature education to increase product usage."
C1204,Aman Reddy Systems,2338.44,8.0,333.0,202.0,23455.0,6215.1,3.0,5.666666666666667,2,High-Value Power Users,"Provide proactive account management, premium support and expansion opportunities to protect high-value revenue."
C1205,Isha Joshi Labs,778.44,8.0,87.0,47.0,9564.0,2022.0,1.0,6.0,3,Low-Engagement Accounts,"Use re-engagement campaigns, onboarding reminders and feature education to increase product usage."
C1206,Zoya Gupta Group,738.52,7.0,349.0,199.0,30924.0,5245.900000000001,9.0,5.666666666666667,2,High-Value Power Users,"Provide proactive account management, premium support and expansion opportunities to protect high-value revenue."
C1207,Sneha Gupta Technologies,310.44,8.0,373.0,186.0,29308.0,5186.3,3.0,5.0,2,High-Value Power Users,"Provide proactive account management, premium support and expansion opportunities to protect high-value revenue."
C1208,Deepak Das Group,60.76,4.0,21.0,12.0,10291.0,1918.8,2.0,5.5,3,Low-Engagement Accounts,"Use re-engagement campaigns, onboarding reminders and feature education to increase product usage."
C1209,Rahul Khan Systems,658.68,5.0,30.0,15.0,6854.0,1348.6,1.0,7.0,3,Low-Engagement Accounts,"Use re-engagement campaigns, onboarding reminders and feature education to increase product usage."
C1210,Deepak Patel Technologies,56.84,3.0,36.0,18.0,5247.0,972.7,3.0,5.0,3,Low-Engagement Accounts,"Use re-engagement campaigns, onboarding reminders and feature education to increase product usage."
C1211,Krishna Iyer Solutions,294.52,7.0,52.0,25.0,3102.0,1011.4,1.0,5.0,3,Low-Engagement Accounts,"Use re-engagement campaigns, onboarding reminders and feature education to increase product usage."
C1212,Sai Verma Solutions,538.92,2.0,185.0,106.0,21498.0,4957.6,4.0,7.5,1,Active Growth Accounts,Encourage adoption of additional features and plans because strong usage indicates potential for account expansion.
C1213,Nikita Verma Labs,214.92,2.0,17.0,13.0,826.0,435.3,1.0,6.0,3,Low-Engagement Accounts,"Use re-engagement campaigns, onboarding reminders and feature education to increase product usage."
C1214,Sneha Sharma Technologies,405.96,14.0,31.0,19.0,4733.0,505.5,6.0,6.166666666666667,3,Low-Engagement Accounts,"Use re-engagement campaigns, onboarding reminders and feature education to increase product usage."
C1215,Zoya Patel Solutions,60.76,4.0,18.0,6.0,4925.0,1392.0,5.0,5.2,3,Low-Engagement Accounts,"Use re-engagement campaigns, onboarding reminders and feature education to increase product usage."
C1216,Nikita Khan Systems,76.44,8.0,93.0,48.0,20645.0,4497.7,3.0,5.333333333333333,1,Active Growth Accounts,Encourage adoption of additional features and plans because strong usage indicates potential for account expansion.
C1217,Sai Iyer Industries,1858.76,4.0,159.0,95.0,10986.0,2178.9,5.0,5.2,0,Support-Heavy Accounts,Investigate recurring support issues and provide targeted onboarding or product assistance to improve satisfaction.
C1218,Reyansh Joshi Group,84.28,10.0,0.0,0.0,0.0,0.0,5.0,5.8,3,Low-Engagement Accounts,"Use re-engagement campaigns, onboarding reminders and feature education to increase product usage."
C1219,Tara Nair Group,160.72,18.0,147.0,80.0,24237.0,4534.8,2.0,7.0,1,Active Growth Accounts,Encourage adoption of additional features and plans because strong usage indicates potential for account expansion.
C1220,Diya Rao Solutions,658.68,5.0,261.0,149.0,32557.0,5894.0,5.0,4.6,2,High-Value Power Users,"Provide proactive account management, premium support and expansion opportunities to protect high-value revenue."
C1221,Rahul Gupta Solutions,80.36,9.0,108.0,56.0,15668.0,1797.4,3.0,6.333333333333333,1,Active Growth Accounts,Encourage adoption of additional features and plans because strong usage indicates potential for account expansion.
C1222,Aarav Verma Labs,818.36,9.0,53.0,35.0,2364.0,1013.3,4.0,4.75,3,Low-Engagement Accounts,"Use re-engagement campaigns, onboarding reminders and feature education to increase product usage."
C1223,Vihaan Joshi Industries,278.6,6.0,99.0,61.0,5520.0,1334.6999999999998,2.0,7.5,3,Low-Engagement Accounts,"Use re-engagement campaigns, onboarding reminders and feature education to increase product usage."
C1224,Isha Patel Technologies,898.2,11.0,44.0,21.0,11157.0,2557.0,0.0,0.0,3,Low-Engagement Accounts,"Use re-engagement campaigns, onboarding reminders and feature education to increase product usage."
C1225,Diya Patel Industries,129.36,10.0,171.0,104.0,23197.0,3609.7,4.0,6.25,1,Active Growth Accounts,Encourage adoption of additional features and plans because strong usage indicates potential for account expansion.
C1226,Ishaan Patel Industries,246.76,4.0,159.0,94.0,31828.0,4647.5,1.0,9.0,1,Active Growth Accounts,Encourage adoption of additional features and plans because strong usage indicates potential for account expansion.
C1227,Karthik Das Industries,698.6,6.0,32.0,20.0,5699.0,784.0,2.0,6.5,3,Low-Engagement Accounts,"Use re-engagement campaigns, onboarding reminders and feature education to increase product usage."
C1228,Kiara Sharma Solutions,230.84,3.0,16.0,5.0,6394.0,1897.8,3.0,4.666666666666667,3,Low-Engagement Accounts,"Use re-engagement campaigns, onboarding reminders and feature education to increase product usage."
C1229,Farhan Verma Technologies,72.52,7.0,82.0,49.0,18424.0,2735.7,2.0,1.5,1,Active Growth Accounts,Encourage adoption of additional features and plans because strong usage indicates potential for account expansion.
C1230,Ishaan Patel Industries,1009.04,14.0,87.0,44.0,15356.0,2902.1,3.0,6.666666666666667,1,Active Growth Accounts,Encourage adoption of additional features and plans because strong usage indicates potential for account expansion.
C1231,Aditya Patel Group,246.76,4.0,200.0,104.0,10884.0,3253.0,2.0,5.5,1,Active Growth Accounts,Encourage adoption of additional features and plans because strong usage indicates potential for account expansion.
C1232,Rohan Bose Systems,738.52,7.0,36.0,21.0,4919.0,1080.1,2.0,7.0,3,Low-Engagement Accounts,"Use re-engagement campaigns, onboarding reminders and feature education to increase product usage."
C1233,Deepak Patel Labs,578.84,3.0,67.0,33.0,3449.0,1336.2,6.0,7.333333333333333,3,Low-Engagement Accounts,"Use re-engagement campaigns, onboarding reminders and feature education to increase product usage."
C1234,Farhan Singh Industries,68.6,6.0,437.0,254.0,31970.0,5174.0,4.0,6.0,2,High-Value Power Users,"Provide proactive account management, premium support and expansion opportunities to protect high-value revenue."
C1235,Vivaan Bose Technologies,68.6,6.0,23.0,9.0,6153.0,1659.6,4.0,5.5,3,Low-Engagement Accounts,"Use re-engagement campaigns, onboarding reminders and feature education to increase product usage."
C1236,Saanvi Rao Industries,72.52,7.0,33.0,21.0,1702.0,653.5,8.0,5.5,3,Low-Engagement Accounts,"Use re-engagement campaigns, onboarding reminders and feature education to increase product usage."
C1237,Arun Rao Systems,358.2,11.0,147.0,69.0,4833.0,1407.9,3.0,7.333333333333333,3,Low-Engagement Accounts,"Use re-engagement campaigns, onboarding reminders and feature education to increase product usage."
C1238,Tara Gupta Technologies,88.2,11.0,138.0,74.0,15363.0,3540.7,2.0,4.0,1,Active Growth Accounts,Encourage adoption of additional features and plans because strong usage indicates potential for account expansion.
C1239,Pooja Nair Solutions,1738.84,3.0,39.0,16.0,3607.0,753.3,5.0,6.4,0,Support-Heavy Accounts,Investigate recurring support issues and provide targeted onboarding or product assistance to improve satisfaction.
C1240,Aadhya Gupta Group,64.68,5.0,0.0,0.0,0.0,0.0,2.0,5.5,3,Low-Engagement Accounts,"Use re-engagement campaigns, onboarding reminders and feature education to increase product usage."
C1241,Rohan Iyer Group,2098.6,6.0,201.0,118.0,19031.0,2877.0,1.0,6.0,0,Support-Heavy Accounts,Investigate recurring support issues and provide targeted onboarding or product assistance to improve satisfaction.
C1242,Deepak Bose Group,2648.88,16.0,7.0,3.0,2842.0,584.8,3.0,5.333333333333333,0,Support-Heavy Accounts,Investigate recurring support issues and provide targeted onboarding or product assistance to improve satisfaction.
C1243,Aditya Patel Solutions,64.68,5.0,247.0,146.0,5532.0,3747.0,2.0,5.0,1,Active Growth Accounts,Encourage adoption of additional features and plans because strong usage indicates potential for account expansion.
C1244,Myra Sharma Industries,72.52,7.0,10.0,6.0,3173.0,382.8,2.0,5.0,3,Low-Engagement Accounts,"Use re-engagement campaigns, onboarding reminders and feature education to increase product usage."
C1245,Aadhya Sharma Labs,84.28,10.0,8.0,6.0,515.0,135.0,7.0,5.142857142857143,3,Low-Engagement Accounts,"Use re-engagement campaigns, onboarding reminders and feature education to increase product usage."
C1246,Aditya Sharma Group,618.76,4.0,212.0,150.0,14175.0,2650.9,2.0,7.5,1,Active Growth Accounts,Encourage adoption of additional features and plans because strong usage indicates potential for account expansion.
C1247,Karthik Sharma Technologies,738.52,7.0,52.0,32.0,6475.0,1606.8,5.0,4.6,3,Low-Engagement Accounts,"Use re-engagement campaigns, onboarding reminders and feature education to increase product usage."
C1248,Farhan Bose Solutions,738.52,7.0,118.0,78.0,4751.0,2053.2,2.0,5.5,3,Low-Engagement Accounts,"Use re-engagement campaigns, onboarding reminders and feature education to increase product usage."
C1249,Ananya Singh Solutions,698.6,6.0,287.0,148.0,28405.0,5274.0,4.0,5.5,2,High-Value Power Users,"Provide proactive account management, premium support and expansion opportunities to protect high-value revenue."
C1250,Sai Rao Industries,1978.68,5.0,149.0,74.0,15122.0,3044.2,5.0,5.6,0,Support-Heavy Accounts,Investigate recurring support issues and provide targeted onboarding or product assistance to improve satisfaction.
C1251,Diya Khan Group,818.36,9.0,173.0,102.0,21096.0,5475.3,3.0,5.0,1,Active Growth Accounts,Encourage adoption of additional features and plans because strong usage indicates potential for account expansion.
C1252,Meera Sharma Industries,2098.6,6.0,125.0,58.0,11778.0,2571.1,3.0,4.0,0,Support-Heavy Accounts,Investigate recurring support issues and provide targeted onboarding or product assistance to improve satisfaction.
C1253,Karthik Rao Solutions,156.8,17.0,42.0,21.0,5143.0,1055.7,8.0,6.25,3,Low-Engagement Accounts,"Use re-engagement campaigns, onboarding reminders and feature education to increase product usage."
C1254,Rohan Nair Technologies,310.44,8.0,164.0,89.0,25481.0,4801.8,4.0,5.0,1,Active Growth Accounts,Encourage adoption of additional features and plans because strong usage indicates potential for account expansion.
C1255,Riya Joshi Labs,310.44,8.0,3.0,0.0,1816.0,536.9,1.0,8.0,3,Low-Engagement Accounts,"Use re-engagement campaigns, onboarding reminders and feature education to increase product usage."
C1256,Sai Gupta Technologies,1978.68,5.0,102.0,53.0,12317.0,2675.6,4.0,4.75,0,Support-Heavy Accounts,Investigate recurring support issues and provide targeted onboarding or product assistance to improve satisfaction.
C1257,Vihaan Patel Solutions,1858.76,4.0,30.0,12.0,2143.0,519.1,5.0,5.2,0,Support-Heavy Accounts,Investigate recurring support issues and provide targeted onboarding or product assistance to improve satisfaction.
C1258,Myra Verma Technologies,658.68,5.0,12.0,3.0,5646.0,743.7,1.0,7.0,3,Low-Engagement Accounts,"Use re-engagement campaigns, onboarding reminders and feature education to increase product usage."
C1259,Priya Reddy Systems,778.44,8.0,65.0,46.0,2354.0,845.8,1.0,6.0,3,Low-Engagement Accounts,"Use re-engagement campaigns, onboarding reminders and feature education to increase product usage."
C1260,Meera Iyer Technologies,818.36,7.0,191.0,101.0,27285.0,5048.2,4.0,6.25,1,Active Growth Accounts,Encourage adoption of additional features and plans because strong usage indicates potential for account expansion.
C1261,Reyansh Menon Labs,1978.68,5.0,57.0,31.0,8191.0,345.2,3.0,5.0,0,Support-Heavy Accounts,Investigate recurring support issues and provide targeted onboarding or product assistance to improve satisfaction.
C1262,Arun Joshi Group,342.28,10.0,145.0,86.0,6602.0,2173.6,3.0,6.0,3,Low-Engagement Accounts,"Use re-engagement campaigns, onboarding reminders and feature education to increase product usage."
C1263,Deepak Reddy Industries,2338.44,8.0,0.0,0.0,0.0,0.0,1.0,4.0,0,Support-Heavy Accounts,Investigate recurring support issues and provide targeted onboarding or product assistance to improve satisfaction.
C1264,Aarav Nair Solutions,698.6,6.0,120.0,58.0,5937.0,1495.0,5.0,6.4,3,Low-Engagement Accounts,"Use re-engagement campaigns, onboarding reminders and feature education to increase product usage."
C1265,Aditya Reddy Solutions,294.52,7.0,63.0,34.0,12507.0,3705.8,4.0,3.25,1,Active Growth Accounts,Encourage adoption of additional features and plans because strong usage indicates potential for account expansion.
C1266,Arun Nair Systems,342.28,10.0,315.0,176.0,20437.0,4693.3,3.0,7.0,2,High-Value Power Users,"Provide proactive account management, premium support and expansion opportunities to protect high-value revenue."
C1267,Nikita Rao Industries,2098.6,6.0,39.0,22.0,3648.0,589.0,5.0,5.6,0,Support-Heavy Accounts,Investigate recurring support issues and provide targeted onboarding or product assistance to improve satisfaction.
C1268,Deepak Patel Industries,80.36,9.0,248.0,145.0,15619.0,5012.1,1.0,9.0,2,High-Value Power Users,"Provide proactive account management, premium support and expansion opportunities to protect high-value revenue."
C1269,Aadhya Patel Solutions,294.52,7.0,84.0,44.0,8242.0,2310.9,4.0,4.0,3,Low-Engagement Accounts,"Use re-engagement campaigns, onboarding reminders and feature education to increase product usage."
C1270,Farhan Menon Group,294.52,7.0,114.0,69.0,7061.0,1771.6,3.0,4.333333333333333,3,Low-Engagement Accounts,"Use re-engagement campaigns, onboarding reminders and feature education to increase product usage."
C1271,Myra Gupta Industries,294.52,7.0,18.0,14.0,5502.0,424.2,1.0,6.0,3,Low-Engagement Accounts,"Use re-engagement campaigns, onboarding reminders and feature education to increase product usage."
C1272,Pooja Joshi Industries,2218.52,7.0,38.0,15.0,10902.0,2523.5,5.0,4.8,0,Support-Heavy Accounts,Investigate recurring support issues and provide targeted onboarding or product assistance to improve satisfaction.
C1273,Ananya Menon Systems,818.36,9.0,175.0,83.0,33715.0,5628.7,2.0,4.5,1,Active Growth Accounts,Encourage adoption of additional features and plans because strong usage indicates potential for account expansion.
C1274,Aadhya Khan Systems,342.28,10.0,31.0,9.0,1180.0,638.4000000000001,2.0,2.0,3,Low-Engagement Accounts,"Use re-engagement campaigns, onboarding reminders and feature education to increase product usage."
C1275,Nikita Verma Technologies,1499.0,1.0,139.0,91.0,11043.0,2475.4,2.0,7.0,0,Support-Heavy Accounts,Investigate recurring support issues and provide targeted onboarding or product assistance to improve satisfaction.
C1276,Myra Reddy Industries,246.76,4.0,55.0,31.0,4277.0,980.6,4.0,7.0,3,Low-Engagement Accounts,"Use re-engagement campaigns, onboarding reminders and feature education to increase product usage."
C1277,Kiara Gupta Industries,294.52,8.0,89.0,41.0,16519.0,3345.1,3.0,5.666666666666667,1,Active Growth Accounts,Encourage adoption of additional features and plans because strong usage indicates potential for account expansion.
C1278,Meera Sharma Industries,72.52,7.0,30.0,16.0,7009.0,1913.0,6.0,8.0,3,Low-Engagement Accounts,"Use re-engagement campaigns, onboarding reminders and feature education to increase product usage."
C1279,Divya Verma Solutions,80.36,9.0,29.0,12.0,3445.0,1172.6,3.0,5.333333333333333,3,Low-Engagement Accounts,"Use re-engagement campaigns, onboarding reminders and feature education to increase product usage."
C1280,Aman Patel Systems,278.6,6.0,160.0,84.0,11578.0,2001.1,7.0,5.0,1,Active Growth Accounts,Encourage adoption of additional features and plans because strong usage indicates potential for account expansion.
C1281,Farhan Das Group,2098.6,6.0,17.0,4.0,6342.0,1384.6,2.0,3.0,0,Support-Heavy Accounts,Investigate recurring support issues and provide targeted onboarding or product assistance to improve satisfaction.
C1282,Nikita Menon Solutions,1978.68,5.0,11.0,7.0,333.0,297.4,5.0,5.0,0,Support-Heavy Accounts,Investigate recurring support issues and provide targeted onboarding or product assistance to improve satisfaction.
C1283,Kiara Nair Industries,84.28,10.0,109.0,48.0,33201.0,5185.6,1.0,3.0,1,Active Growth Accounts,Encourage adoption of additional features and plans because strong usage indicates potential for account expansion.
C1284,Zoya Das Group,1978.68,5.0,23.0,16.0,567.0,301.8,3.0,4.333333333333333,0,Support-Heavy Accounts,Investigate recurring support issues and provide targeted onboarding or product assistance to improve satisfaction.
C1285,Isha Verma Solutions,778.44,8.0,44.0,13.0,25716.0,5267.7,2.0,5.5,1,Active Growth Accounts,Encourage adoption of additional features and plans because strong usage indicates potential for account expansion.
C1286,Krishna Khan Solutions,326.36,9.0,108.0,64.0,15708.0,4471.4,1.0,7.0,1,Active Growth Accounts,Encourage adoption of additional features and plans because strong usage indicates potential for account expansion.
C1287,Farhan Nair Industries,230.84,3.0,35.0,9.0,9304.0,2185.2,4.0,4.25,3,Low-Engagement Accounts,"Use re-engagement campaigns, onboarding reminders and feature education to increase product usage."
C1288,Kiara Das Labs,1618.92,2.0,65.0,37.0,4303.0,1241.9,1.0,9.0,0,Support-Heavy Accounts,Investigate recurring support issues and provide targeted onboarding or product assistance to improve satisfaction.
C1289,Karthik Patel Systems,262.68,5.0,99.0,53.0,18126.0,5878.4,2.0,5.0,1,Active Growth Accounts,Encourage adoption of additional features and plans because strong usage indicates potential for account expansion.
C1290,Riya Singh Systems,2578.28,10.0,429.0,263.0,19734.0,5312.5,4.0,7.25,2,High-Value Power Users,"Provide proactive account management, premium support and expansion opportunities to protect high-value revenue."
C1291,Diya Rao Systems,60.76,4.0,38.0,32.0,1083.0,559.7,4.0,7.75,3,Low-Engagement Accounts,"Use re-engagement campaigns, onboarding reminders and feature education to increase product usage."
C1292,Divya Sharma Technologies,262.68,5.0,148.0,94.0,7588.0,1742.6,4.0,5.25,3,Low-Engagement Accounts,"Use re-engagement campaigns, onboarding reminders and feature education to increase product usage."
C1293,Tara Joshi Systems,278.6,6.0,26.0,12.0,7099.0,1628.1000000000001,6.0,6.0,3,Low-Engagement Accounts,"Use re-engagement campaigns, onboarding reminders and feature education to increase product usage."
C1294,Meera Singh Group,358.2,11.0,54.0,32.0,5014.0,954.1,4.0,6.0,3,Low-Engagement Accounts,"Use re-engagement campaigns, onboarding reminders and feature education to increase product usage."
C1295,Aman Joshi Group,278.6,6.0,34.0,19.0,10257.0,1979.5,0.0,0.0,3,Low-Engagement Accounts,"Use re-engagement campaigns, onboarding reminders and feature education to increase product usage."
C1296,Saanvi Khan Group,658.68,5.0,270.0,167.0,35849.0,5533.3,4.0,7.25,2,High-Value Power Users,"Provide proactive account management, premium support and expansion opportunities to protect high-value revenue."
C1297,Naveen Sharma Technologies,698.6,6.0,249.0,129.0,21600.0,3892.8,5.0,5.6,2,High-Value Power Users,"Provide proactive account management, premium support and expansion opportunities to protect high-value revenue."
C1298,Riya Menon Systems,56.84,3.0,86.0,52.0,33580.0,5773.7,4.0,6.5,1,Active Growth Accounts,Encourage adoption of additional features and plans because strong usage indicates potential for account expansion.
C1299,Rahul Iyer Group,374.12,12.0,90.0,39.0,15257.0,4051.2,2.0,6.0,1,Active Growth Accounts,Encourage adoption of additional features and plans because strong usage indicates potential for account expansion.
C1300,Krishna Sharma Solutions,278.6,6.0,380.0,229.0,34583.0,4866.2,3.0,6.666666666666667,2,High-Value Power Users,"Provide proactive account management, premium support and expansion opportunities to protect high-value revenue."
C1301,Sanjay Verma Industries,230.84,3.0,11.0,2.0,6813.0,812.3000000000001,2.0,7.5,3,Low-Engagement Accounts,"Use re-engagement campaigns, onboarding reminders and feature education to increase product usage."
C1302,Ishaan Singh Industries,778.44,8.0,77.0,50.0,8309.0,1825.5,3.0,4.333333333333333,3,Low-Engagement Accounts,"Use re-engagement campaigns, onboarding reminders and feature education to increase product usage."
C1303,Farhan Khan Systems,72.52,7.0,114.0,56.0,25160.0,3768.5,7.0,4.857142857142857,1,Active Growth Accounts,Encourage adoption of additional features and plans because strong usage indicates potential for account expansion.
C1304,Karthik Sharma Group,64.68,5.0,67.0,40.0,19245.0,3904.9,4.0,3.5,1,Active Growth Accounts,Encourage adoption of additional features and plans because strong usage indicates potential for account expansion.
C1305,Ananya Reddy Solutions,262.68,7.0,3.0,1.0,1195.0,452.9,5.0,4.4,3,Low-Engagement Accounts,"Use re-engagement campaigns, onboarding reminders and feature education to increase product usage."
C1306,Ananya Nair Systems,72.52,7.0,58.0,25.0,1996.0,1819.7,3.0,7.0,3,Low-Engagement Accounts,"Use re-engagement campaigns, onboarding reminders and feature education to increase product usage."
C1307,Rahul Reddy Technologies,278.6,6.0,318.0,207.0,23183.0,3595.7,4.0,6.5,2,High-Value Power Users,"Provide proactive account management, premium support and expansion opportunities to protect high-value revenue."
C1308,Naveen Gupta Labs,2458.36,9.0,20.0,9.0,8021.0,1899.9,1.0,6.0,0,Support-Heavy Accounts,Investigate recurring support issues and provide targeted onboarding or product assistance to improve satisfaction.
C1309,Diya Gupta Labs,80.36,9.0,183.0,107.0,29738.0,6219.4,3.0,7.333333333333333,1,Active Growth Accounts,Encourage adoption of additional features and plans because strong usage indicates potential for account expansion.
C1310,Riya Das Technologies,778.44,8.0,45.0,20.0,13369.0,1260.3,3.0,4.666666666666667,3,Low-Engagement Accounts,"Use re-engagement campaigns, onboarding reminders and feature education to increase product usage."
C1311,Kavya Rao Labs,64.68,5.0,9.0,3.0,3374.0,688.5,1.0,6.0,3,Low-Engagement Accounts,"Use re-engagement campaigns, onboarding reminders and feature education to increase product usage."
C1312,Saanvi Bose Labs,326.36,9.0,61.0,27.0,15900.0,4051.4,5.0,5.2,1,Active Growth Accounts,Encourage adoption of additional features and plans because strong usage indicates potential for account expansion.
C1313,Krishna Joshi Solutions,1978.68,5.0,315.0,176.0,17519.0,5072.7,9.0,6.0,2,High-Value Power Users,"Provide proactive account management, premium support and expansion opportunities to protect high-value revenue."
C1314,Isha Joshi Industries,310.44,8.0,328.0,181.0,27367.0,6332.6,2.0,6.0,2,High-Value Power Users,"Provide proactive account management, premium support and expansion opportunities to protect high-value revenue."
C1315,Arjun Das Solutions,52.92,2.0,92.0,54.0,7901.0,1652.9,1.0,6.0,3,Low-Engagement Accounts,"Use re-engagement campaigns, onboarding reminders and feature education to increase product usage."
C1316,Deepak Reddy Group,342.28,10.0,56.0,24.0,23575.0,4250.7,2.0,4.5,1,Active Growth Accounts,Encourage adoption of additional features and plans because strong usage indicates potential for account expansion.
C1317,Divya Patel Systems,326.36,9.0,29.0,15.0,6862.0,1219.8,4.0,4.75,3,Low-Engagement Accounts,"Use re-engagement campaigns, onboarding reminders and feature education to increase product usage."
C1318,Vihaan Sharma Labs,64.68,5.0,130.0,70.0,15540.0,4100.8,2.0,6.0,1,Active Growth Accounts,Encourage adoption of additional features and plans because strong usage indicates potential for account expansion.
C1319,Divya Bose Group,294.52,6.0,59.0,32.0,7850.0,1122.0,4.0,5.5,3,Low-Engagement Accounts,"Use re-engagement campaigns, onboarding reminders and feature education to increase product usage."
C1320,Vihaan Nair Labs,326.36,9.0,108.0,63.0,8942.0,1037.3,1.0,3.0,3,Low-Engagement Accounts,"Use re-engagement campaigns, onboarding reminders and feature education to increase product usage."
C1321,Nikita Sharma Group,68.6,6.0,58.0,34.0,6043.0,1281.7,5.0,4.6,3,Low-Engagement Accounts,"Use re-engagement campaigns, onboarding reminders and feature education to increase product usage."
C1322,Arjun Khan Systems,294.52,7.0,187.0,103.0,14926.0,3556.0,5.0,5.8,1,Active Growth Accounts,Encourage adoption of additional features and plans because strong usage indicates potential for account expansion.
C1323,Pooja Verma Labs,68.6,6.0,119.0,71.0,25779.0,3884.7,4.0,7.0,1,Active Growth Accounts,Encourage adoption of additional features and plans because strong usage indicates potential for account expansion.
C1324,Karthik Reddy Technologies,2458.36,9.0,464.0,281.0,27156.0,6137.2,4.0,4.75,2,High-Value Power Users,"Provide proactive account management, premium support and expansion opportunities to protect high-value revenue."
C1325,Ishaan Reddy Group,2338.44,8.0,91.0,48.0,20107.0,5372.2,4.0,5.0,0,Support-Heavy Accounts,Investigate recurring support issues and provide targeted onboarding or product assistance to improve satisfaction.
C1326,Naveen Sharma Labs,76.44,8.0,375.0,200.0,28413.0,5655.7,1.0,4.0,2,High-Value Power Users,"Provide proactive account management, premium support and expansion opportunities to protect high-value revenue."
C1327,Nikita Menon Group,2098.6,6.0,281.0,180.0,35133.0,6907.5,5.0,5.4,2,High-Value Power Users,"Provide proactive account management, premium support and expansion opportunities to protect high-value revenue."
C1328,Karthik Nair Labs,342.28,10.0,115.0,72.0,6444.0,2256.3,4.0,3.75,3,Low-Engagement Accounts,"Use re-engagement campaigns, onboarding reminders and feature education to increase product usage."
C1329,Kavya Das Group,76.44,8.0,23.0,8.0,12493.0,1366.4,3.0,4.333333333333333,3,Low-Engagement Accounts,"Use re-engagement campaigns, onboarding reminders and feature education to increase product usage."
C1330,Ananya Sharma Group,538.92,2.0,61.0,25.0,21236.0,5241.7,1.0,3.0,1,Active Growth Accounts,Encourage adoption of additional features and plans because strong usage indicates potential for account expansion.
C1331,Krishna Bose Industries,310.44,8.0,162.0,87.0,11401.0,2798.7999999999997,2.0,5.5,1,Active Growth Accounts,Encourage adoption of additional features and plans because strong usage indicates potential for account expansion.
C1332,Diya Singh Labs,618.76,4.0,47.0,19.0,3926.0,645.0999999999999,1.0,3.0,3,Low-Engagement Accounts,"Use re-engagement campaigns, onboarding reminders and feature education to increase product usage."
C1333,Aditya Nair Systems,278.6,6.0,156.0,88.0,10453.0,2117.0,5.0,4.4,1,Active Growth Accounts,Encourage adoption of additional features and plans because strong usage indicates potential for account expansion.
C1334,Sai Menon Group,1978.68,5.0,0.0,0.0,0.0,0.0,1.0,1.0,0,Support-Heavy Accounts,Investigate recurring support issues and provide targeted onboarding or product assistance to improve satisfaction.
C1335,Karthik Rao Systems,778.44,8.0,371.0,225.0,32222.0,3873.7,4.0,4.75,2,High-Value Power Users,"Provide proactive account management, premium support and expansion opportunities to protect high-value revenue."
C1336,Sai Reddy Industries,658.68,5.0,135.0,68.0,24018.0,4746.2,1.0,2.0,1,Active Growth Accounts,Encourage adoption of additional features and plans because strong usage indicates potential for account expansion.
C1337,Rohan Patel Systems,230.84,3.0,24.0,7.0,8117.0,2377.6,0.0,0.0,3,Low-Engagement Accounts,"Use re-engagement campaigns, onboarding reminders and feature education to increase product usage."
C1338,Aadhya Singh Systems,342.28,10.0,324.0,185.0,25562.0,4087.5,6.0,7.333333333333333,2,High-Value Power Users,"Provide proactive account management, premium support and expansion opportunities to protect high-value revenue."
C1339,Nikita Iyer Group,278.6,6.0,199.0,117.0,39221.0,5427.7,5.0,4.0,2,High-Value Power Users,"Provide proactive account management, premium support and expansion opportunities to protect high-value revenue."
C1340,Zoya Joshi Technologies,88.2,11.0,167.0,105.0,12606.0,2544.1,2.0,6.5,1,Active Growth Accounts,Encourage adoption of additional features and plans because strong usage indicates potential for account expansion.
C1341,Isha Singh Group,2218.52,7.0,343.0,184.0,22093.0,5804.1,4.0,5.5,2,High-Value Power Users,"Provide proactive account management, premium support and expansion opportunities to protect high-value revenue."
C1342,Divya Joshi Systems,76.44,8.0,133.0,75.0,30750.0,5193.0,4.0,6.5,1,Active Growth Accounts,Encourage adoption of additional features and plans because strong usage indicates potential for account expansion.
C1343,Isha Iyer Technologies,72.52,7.0,6.0,2.0,646.0,216.6,0.0,0.0,3,Low-Engagement Accounts,"Use re-engagement campaigns, onboarding reminders and feature education to increase product usage."
C1344,Naveen Verma Technologies,262.68,5.0,327.0,180.0,19815.0,4157.9,2.0,8.0,2,High-Value Power Users,"Provide proactive account management, premium support and expansion opportunities to protect high-value revenue."
C1345,Rahul Gupta Group,294.52,5.0,260.0,129.0,7106.0,2910.7,2.0,7.5,1,Active Growth Accounts,Encourage adoption of additional features and plans because strong usage indicates potential for account expansion.
C1346,Krishna Sharma Group,326.36,9.0,56.0,45.0,2600.0,650.0,6.0,6.0,3,Low-Engagement Accounts,"Use re-engagement campaigns, onboarding reminders and feature education to increase product usage."
C1347,Deepak Khan Solutions,72.52,7.0,260.0,134.0,19501.0,3277.2,0.0,0.0,1,Active Growth Accounts,Encourage adoption of additional features and plans because strong usage indicates potential for account expansion.
C1348,Aditya Menon Labs,618.76,4.0,91.0,48.0,17783.0,3216.3,3.0,5.666666666666667,1,Active Growth Accounts,Encourage adoption of additional features and plans because strong usage indicates potential for account expansion.
C1349,Krishna Joshi Systems,2458.36,9.0,77.0,45.0,13157.0,2811.2,3.0,5.333333333333333,0,Support-Heavy Accounts,Investigate recurring support issues and provide targeted onboarding or product assistance to improve satisfaction.
C1350,Deepak Gupta Labs,1978.68,5.0,340.0,198.0,13178.0,5130.8,4.0,5.5,2,High-Value Power Users,"Provide proactive account management, premium support and expansion opportunities to protect high-value revenue."
C1351,Priya Gupta Systems,76.44,8.0,100.0,50.0,25714.0,4817.0,5.0,5.4,1,Active Growth Accounts,Encourage adoption of additional features and plans because strong usage indicates potential for account expansion.
C1352,Aditya Patel Industries,2578.28,10.0,95.0,60.0,9294.0,2619.7,4.0,6.0,0,Support-Heavy Accounts,Investigate recurring support issues and provide targeted onboarding or product assistance to improve satisfaction.
C1353,Farhan Gupta Labs,68.6,6.0,0.0,0.0,0.0,0.0,2.0,6.5,3,Low-Engagement Accounts,"Use re-engagement campaigns, onboarding reminders and feature education to increase product usage."
C1354,Vivaan Reddy Group,99.96,14.0,378.0,185.0,28945.0,5921.9,4.0,5.5,2,High-Value Power Users,"Provide proactive account management, premium support and expansion opportunities to protect high-value revenue."
C1355,Nikita Reddy Technologies,294.52,11.0,26.0,12.0,549.0,642.7,4.0,5.0,3,Low-Engagement Accounts,"Use re-engagement campaigns, onboarding reminders and feature education to increase product usage."
C1356,Divya Joshi Industries,618.76,4.0,91.0,51.0,15046.0,2665.6,2.0,5.0,1,Active Growth Accounts,Encourage adoption of additional features and plans because strong usage indicates potential for account expansion.
C1357,Saanvi Menon Labs,262.68,5.0,233.0,134.0,27064.0,5955.8,3.0,6.333333333333333,2,High-Value Power Users,"Provide proactive account management, premium support and expansion opportunities to protect high-value revenue."
C1358,Diya Das Systems,64.68,5.0,179.0,92.0,15750.0,2483.7,4.0,6.0,1,Active Growth Accounts,Encourage adoption of additional features and plans because strong usage indicates potential for account expansion.
C1359,Aman Rao Group,658.68,5.0,0.0,0.0,0.0,0.0,3.0,6.666666666666667,3,Low-Engagement Accounts,"Use re-engagement campaigns, onboarding reminders and feature education to increase product usage."
C1360,Deepak Gupta Group,60.76,4.0,31.0,15.0,4024.0,1431.0,2.0,4.5,3,Low-Engagement Accounts,"Use re-engagement campaigns, onboarding reminders and feature education to increase product usage."
C1361,Meera Khan Systems,658.68,5.0,57.0,21.0,2829.0,666.7,1.0,5.0,3,Low-Engagement Accounts,"Use re-engagement campaigns, onboarding reminders and feature education to increase product usage."
C1362,Aditya Patel Solutions,64.68,5.0,272.0,136.0,26479.0,5805.2,6.0,3.3333333333333335,2,High-Value Power Users,"Provide proactive account management, premium support and expansion opportunities to protect high-value revenue."
C1363,Pooja Gupta Group,310.44,8.0,34.0,16.0,5301.0,1284.0,6.0,5.666666666666667,3,Low-Engagement Accounts,"Use re-engagement campaigns, onboarding reminders and feature education to increase product usage."
C1364,Aarav Bose Labs,1978.68,5.0,159.0,78.0,8615.0,2988.5,4.0,4.5,0,Support-Heavy Accounts,Investigate recurring support issues and provide targeted onboarding or product assistance to improve satisfaction.
C1365,Diya Joshi Industries,778.44,8.0,141.0,81.0,9231.0,2000.6,1.0,1.0,1,Active Growth Accounts,Encourage adoption of additional features and plans because strong usage indicates potential for account expansion.
C1366,Kavya Verma Labs,278.6,6.0,107.0,59.0,7097.0,2152.4,6.0,5.666666666666667,3,Low-Engagement Accounts,"Use re-engagement campaigns, onboarding reminders and feature education to increase product usage."
C1367,Kiara Gupta Industries,76.44,8.0,30.0,19.0,1044.0,394.4,4.0,5.25,3,Low-Engagement Accounts,"Use re-engagement campaigns, onboarding reminders and feature education to increase product usage."
C1368,Priya Singh Solutions,52.92,2.0,59.0,31.0,3218.0,802.4,3.0,7.333333333333333,3,Low-Engagement Accounts,"Use re-engagement campaigns, onboarding reminders and feature education to increase product usage."
C1369,Meera Reddy Industries,2098.6,6.0,39.0,27.0,1702.0,386.6,5.0,5.2,0,Support-Heavy Accounts,Investigate recurring support issues and provide targeted onboarding or product assistance to improve satisfaction.
C1370,Arun Joshi Group,658.68,5.0,117.0,56.0,20215.0,3375.7,2.0,5.5,1,Active Growth Accounts,Encourage adoption of additional features and plans because strong usage indicates potential for account expansion.
C1371,Nikita Singh Technologies,262.68,5.0,213.0,114.0,11450.0,3404.2,4.0,6.5,1,Active Growth Accounts,Encourage adoption of additional features and plans because strong usage indicates potential for account expansion.
C1372,Isha Joshi Group,294.52,7.0,135.0,68.0,10411.0,1409.4,3.0,5.666666666666667,3,Low-Engagement Accounts,"Use re-engagement campaigns, onboarding reminders and feature education to increase product usage."
C1373,Naveen Patel Group,60.76,4.0,259.0,145.0,17279.0,3595.6,1.0,5.0,1,Active Growth Accounts,Encourage adoption of additional features and plans because strong usage indicates potential for account expansion.
C1374,Ananya Joshi Industries,778.44,8.0,182.0,89.0,16074.0,2841.3,3.0,6.333333333333333,1,Active Growth Accounts,Encourage adoption of additional features and plans because strong usage indicates potential for account expansion.
C1375,Tara Bose Group,68.6,6.0,65.0,32.0,14998.0,4614.0,4.0,4.75,1,Active Growth Accounts,Encourage adoption of additional features and plans because strong usage indicates potential for account expansion.
C1376,Vivaan Khan Systems,310.44,8.0,390.0,237.0,18075.0,4472.3,1.0,7.0,2,High-Value Power Users,"Provide proactive account management, premium support and expansion opportunities to protect high-value revenue."
C1377,Zoya Bose Technologies,698.6,6.0,61.0,28.0,5568.0,918.5,5.0,6.2,3,Low-Engagement Accounts,"Use re-engagement campaigns, onboarding reminders and feature education to increase product usage."
C1378,Sneha Reddy Solutions,383.20000000000005,12.0,23.0,7.0,12094.0,2126.9,4.0,3.0,3,Low-Engagement Accounts,"Use re-engagement campaigns, onboarding reminders and feature education to increase product usage."
C1379,Pooja Rao Labs,60.76,4.0,153.0,91.0,17385.0,2762.1,6.0,6.833333333333333,1,Active Growth Accounts,Encourage adoption of additional features and plans because strong usage indicates potential for account expansion.
C1380,Ishaan Reddy Labs,1618.92,2.0,98.0,56.0,4795.0,1041.8,4.0,6.25,0,Support-Heavy Accounts,Investigate recurring support issues and provide targeted onboarding or product assistance to improve satisfaction.
C1381,Diya Nair Systems,2218.52,7.0,122.0,75.0,19174.0,3539.7,3.0,6.666666666666667,0,Support-Heavy Accounts,Investigate recurring support issues and provide targeted onboarding or product assistance to improve satisfaction.
C1382,Sai Singh Systems,68.6,6.0,57.0,41.0,2293.0,824.7,1.0,8.0,3,Low-Engagement Accounts,"Use re-engagement campaigns, onboarding reminders and feature education to increase product usage."
C1383,Myra Patel Solutions,92.12,12.0,15.0,7.0,4430.0,1196.4,6.0,5.833333333333333,3,Low-Engagement Accounts,"Use re-engagement campaigns, onboarding reminders and feature education to increase product usage."
C1384,Arjun Joshi Technologies,2098.6,6.0,61.0,37.0,10271.0,1455.2,3.0,7.0,0,Support-Heavy Accounts,Investigate recurring support issues and provide targeted onboarding or product assistance to improve satisfaction.
C1385,Vihaan Das Group,2218.52,7.0,3.0,1.0,3759.0,155.89999999999998,5.0,5.2,0,Support-Heavy Accounts,Investigate recurring support issues and provide targeted onboarding or product assistance to improve satisfaction.
C1386,Naveen Singh Technologies,72.52,7.0,383.0,202.0,37376.0,6491.4,6.0,5.333333333333333,2,High-Value Power Users,"Provide proactive account management, premium support and expansion opportunities to protect high-value revenue."
C1387,Arun Nair Solutions,310.44,8.0,198.0,120.0,8754.0,2188.3,4.0,6.75,1,Active Growth Accounts,Encourage adoption of additional features and plans because strong usage indicates potential for account expansion.
C1388,Sai Bose Group,310.44,8.0,205.0,105.0,19246.0,4486.2,1.0,3.0,1,Active Growth Accounts,Encourage adoption of additional features and plans because strong usage indicates potential for account expansion.
C1389,Meera Sharma Industries,738.52,7.0,137.0,66.0,14494.0,2479.7,2.0,3.5,1,Active Growth Accounts,Encourage adoption of additional features and plans because strong usage indicates potential for account expansion.
C1390,Rahul Reddy Labs,278.6,6.0,18.0,5.0,2927.0,1417.5,5.0,6.6,3,Low-Engagement Accounts,"Use re-engagement campaigns, onboarding reminders and feature education to increase product usage."
C1391,Nikita Verma Industries,68.6,6.0,30.0,13.0,17849.0,3522.9,5.0,5.2,1,Active Growth Accounts,Encourage adoption of additional features and plans because strong usage indicates potential for account expansion.
C1392,Ananya Rao Industries,64.68,5.0,390.0,239.0,20619.0,4813.3,2.0,4.5,2,High-Value Power Users,"Provide proactive account management, premium support and expansion opportunities to protect high-value revenue."
C1393,Sneha Bose Technologies,278.6,6.0,335.0,183.0,12121.0,3897.7,3.0,6.333333333333333,2,High-Value Power Users,"Provide proactive account management, premium support and expansion opportunities to protect high-value revenue."
C1394,Sai Menon Group,278.6,6.0,269.0,143.0,21963.0,4565.3,3.0,4.0,2,High-Value Power Users,"Provide proactive account management, premium support and expansion opportunities to protect high-value revenue."
C1395,Deepak Patel Labs,3177.88,15.0,24.0,15.0,1661.0,515.4,5.0,5.6,0,Support-Heavy Accounts,Investigate recurring support issues and provide targeted onboarding or product assistance to improve satisfaction.
C1396,Sai Joshi Systems,326.36,9.0,67.0,31.0,4077.0,1243.5,3.0,6.333333333333333,3,Low-Engagement Accounts,"Use re-engagement campaigns, onboarding reminders and feature education to increase product usage."
C1397,Divya Reddy Group,938.12,12.0,13.0,8.0,16.0,317.7,3.0,6.333333333333333,3,Low-Engagement Accounts,"Use re-engagement campaigns, onboarding reminders and feature education to increase product usage."
C1398,Zoya Rao Group,326.36,9.0,41.0,15.0,9588.0,1926.9,4.0,4.75,3,Low-Engagement Accounts,"Use re-engagement campaigns, onboarding reminders and feature education to increase product usage."
C1399,Aman Patel Technologies,658.68,5.0,82.0,54.0,6783.0,1484.0,1.0,4.0,3,Low-Engagement Accounts,"Use re-engagement campaigns, onboarding reminders and feature education to increase product usage."
C1400,Arjun Bose Solutions,294.52,7.0,32.0,21.0,5950.0,891.9,2.0,8.0,3,Low-Engagement Accounts,"Use re-engagement campaigns, onboarding reminders and feature education to increase product usage."
C1401,Naveen Gupta Solutions,342.28,10.0,27.0,10.0,3975.0,2021.3,4.0,5.25,3,Low-Engagement Accounts,"Use re-engagement campaigns, onboarding reminders and feature education to increase product usage."
C1402,Rohan Reddy Industries,262.68,5.0,13.0,10.0,849.0,74.1,3.0,6.666666666666667,3,Low-Engagement Accounts,"Use re-engagement campaigns, onboarding reminders and feature education to increase product usage."
C1403,Sai Khan Labs,278.6,6.0,81.0,58.0,4055.0,1043.2,4.0,6.75,3,Low-Engagement Accounts,"Use re-engagement campaigns, onboarding reminders and feature education to increase product usage."
C1404,Rahul Nair Labs,778.44,8.0,97.0,62.0,21353.0,2800.1,4.0,6.5,1,Active Growth Accounts,Encourage adoption of additional features and plans because strong usage indicates potential for account expansion.
C1405,Deepak Gupta Labs,246.76,4.0,40.0,26.0,5040.0,1807.8,1.0,6.0,3,Low-Engagement Accounts,"Use re-engagement campaigns, onboarding reminders and feature education to increase product usage."
C1406,Vihaan Joshi Group,278.6,6.0,56.0,28.0,6046.0,2000.8,5.0,6.0,3,Low-Engagement Accounts,"Use re-engagement campaigns, onboarding reminders and feature education to increase product usage."
C1407,Meera Gupta Labs,738.52,7.0,58.0,37.0,5500.0,712.9,2.0,6.5,3,Low-Engagement Accounts,"Use re-engagement campaigns, onboarding reminders and feature education to increase product usage."
C1408,Aarav Reddy Labs,68.6,6.0,115.0,63.0,18026.0,3963.7,3.0,5.333333333333333,1,Active Growth Accounts,Encourage adoption of additional features and plans because strong usage indicates potential for account expansion.
C1409,Saanvi Iyer Industries,68.6,6.0,77.0,46.0,6868.0,1414.0,2.0,8.5,3,Low-Engagement Accounts,"Use re-engagement campaigns, onboarding reminders and feature education to increase product usage."
C1410,Isha Khan Technologies,326.36,9.0,62.0,37.0,1973.0,835.7,2.0,5.0,3,Low-Engagement Accounts,"Use re-engagement campaigns, onboarding reminders and feature education to increase product usage."
C1411,Saanvi Verma Technologies,262.68,5.0,0.0,0.0,0.0,0.0,5.0,6.0,3,Low-Engagement Accounts,"Use re-engagement campaigns, onboarding reminders and feature education to increase product usage."
C1412,Farhan Verma Solutions,2534.8,17.0,38.0,19.0,6903.0,1136.6,1.0,6.0,0,Support-Heavy Accounts,Investigate recurring support issues and provide targeted onboarding or product assistance to improve satisfaction.
C1413,Kiara Joshi Solutions,246.76,4.0,113.0,57.0,20979.0,3694.6,3.0,7.666666666666667,1,Active Growth Accounts,Encourage adoption of additional features and plans because strong usage indicates potential for account expansion.
C1414,Zoya Joshi Solutions,326.36,9.0,78.0,43.0,4052.0,1057.6,4.0,4.5,3,Low-Engagement Accounts,"Use re-engagement campaigns, onboarding reminders and feature education to increase product usage."
C1415,Sneha Rao Group,778.44,8.0,92.0,51.0,16485.0,2493.7,3.0,4.333333333333333,1,Active Growth Accounts,Encourage adoption of additional features and plans because strong usage indicates potential for account expansion.
C1416,Sneha Sharma Systems,658.68,5.0,410.0,204.0,34294.0,6123.9,4.0,3.75,2,High-Value Power Users,"Provide proactive account management, premium support and expansion opportunities to protect high-value revenue."
C1417,Naveen Patel Technologies,326.36,9.0,15.0,5.0,4770.0,308.5,4.0,5.0,3,Low-Engagement Accounts,"Use re-engagement campaigns, onboarding reminders and feature education to increase product usage."
C1418,Naveen Patel Technologies,326.36,9.0,96.0,55.0,16747.0,3222.6,1.0,2.0,1,Active Growth Accounts,Encourage adoption of additional features and plans because strong usage indicates potential for account expansion.
C1419,Diya Nair Industries,294.52,7.0,33.0,22.0,2478.0,372.9,1.0,8.0,3,Low-Engagement Accounts,"Use re-engagement campaigns, onboarding reminders and feature education to increase product usage."
C1420,Arun Gupta Technologies,278.6,6.0,120.0,59.0,24182.0,4839.6,3.0,6.333333333333333,1,Active Growth Accounts,Encourage adoption of additional features and plans because strong usage indicates potential for account expansion.
