CustomerID,CompanyName,Industry,Country,City,EmployeeCount,SignupDate,AcquisitionChannel,Total_MRR,Total_Seats,Total_Logins,Total_ActiveUsers,Total_APICalls,Total_SessionMinutes,Ticket_Count,Average_Satisfaction,Average_ResolutionHours,Churn_Status,Satisfaction_Group
C1001,Ishaan Joshi Systems,Unknown,India,Hyderabad,80.0,2023-07-02,Paid Ads,278.6,6.0,148.0,72.0,10276.0,2241.4,4.0,6.5,38.675,Churned,Excellent (>4)
C1002,Tara Sharma Technologies,Finance,UK,London,12.0,2024-02-21,Referral,246.76,4.0,217.0,134.0,15512.0,3021.1,4.0,7.0,16.95,Retained,Excellent (>4)
C1003,Zoya Das Systems,Finance,UAE,Dubai,1200.0,2023-09-12,Organic Search,278.6,6.0,187.0,116.0,19771.0,4734.2,3.0,3.0,39.06666666666666,Retained,Moderate (>2–3)
C1004,Diya Joshi Labs,Retail,UK,Manchester,400.0,2024-03-01,Partner,80.36,9.0,82.0,42.0,14012.0,2530.0,0.0,,,Retained,
C1005,Tara Joshi Systems,Logistics,UK,London,1200.0,2023-12-29,Outbound,618.76,4.0,133.0,61.0,13232.0,2102.0,3.0,6.0,43.5,Churned,Excellent (>4)
C1006,Sanjay Reddy Labs,Manufacturing,India,Hyderabad,35.0,2024-09-15,Organic Search,1618.92,2.0,86.0,51.0,8815.0,778.2,3.0,6.0,27.033333333333335,Retained,Excellent (>4)
C1007,Sai Das Technologies,Logistics,India,Delhi,12.0,2023-03-26,Referral,658.68,5.0,117.0,64.0,25511.0,5778.9,2.0,8.5,16.35,Retained,Excellent (>4)
C1008,Nikita Gupta Solutions,Logistics,UAE,Abu Dhabi,400.0,2024-02-21,Paid Ads,818.36,9.0,155.0,104.0,23906.0,2882.3,2.0,7.5,36.3,Retained,Excellent (>4)
C1009,Rohan Patel Technologies,Education,UAE,Abu Dhabi,3000.0,2023-07-27,Outbound,2098.6,6.0,220.0,116.0,10535.0,4973.4,4.0,5.75,31.25,Retained,Excellent (>4)
C1010,Tara Iyer Labs,Manufacturing,India,Pune,12.0,2023-11-15,Partner,278.6,6.0,81.0,33.0,4316.0,1004.6,6.0,5.333333333333333,42.03333333333333,Churned,Excellent (>4)
C1011,Rohan Iyer Solutions,Retail,UAE,Dubai,400.0,2023-05-11,Organic Search,262.68,5.0,96.0,48.0,22182.0,5213.3,2.0,4.5,60.45,Retained,Excellent (>4)
C1012,Meera Patel Labs,Healthcare,UAE,Dubai,35.0,2023-02-15,Events,1978.68,5.0,14.0,7.0,6827.0,1715.3,1.0,5.0,46.0,Churned,Excellent (>4)
C1013,Farhan Das Industries,Retail,UK,London,12.0,2024-12-10,Organic Search,1931.28,11.0,0.0,0.0,71.0,242.1,1.0,6.0,71.1,Churned,Excellent (>4)
C1014,Rahul Patel Industries,Media,India,Chennai,1200.0,2024-07-10,Partner,68.6,6.0,37.0,22.0,9530.0,1674.5,2.0,6.0,37.05,Retained,Excellent (>4)
C1015,Sanjay Gupta Industries,Finance,India,Mumbai,35.0,2024-01-15,Partner,246.76,4.0,61.0,34.0,15818.0,3158.3,3.0,5.0,46.800000000000004,Retained,Excellent (>4)
C1016,Diya Singh Industries,Media,UK,Manchester,35.0,2024-01-16,Paid Ads,978.04,13.0,38.0,15.0,6672.0,1720.7,4.0,6.5,38.9,Churned,Excellent (>4)
C1017,Rahul Reddy Solutions,Unknown,USA,Seattle,12.0,2024-06-05,Paid Ads,60.76,4.0,24.0,13.0,2822.0,1829.2,3.0,4.0,50.166666666666664,Retained,Good (>3–4)
C1018,Myra Khan Systems,Finance,USA,Boston,150.0,2024-03-06,Referral,2098.6,6.0,87.0,53.0,7947.0,2759.6,6.0,4.333333333333333,33.166666666666664,Retained,Excellent (>4)
C1019,Deepak Nair Labs,Finance,Singapore,Singapore,150.0,2024-04-30,Outbound,326.36,9.0,149.0,73.0,8711.0,2472.2999999999997,2.0,5.5,28.05,Retained,Excellent (>4)
C1020,Saanvi Menon Group,Retail,India,Chennai,400.0,2023-12-04,Referral,68.6,6.0,55.0,33.0,4663.0,1145.0,5.0,5.8,37.7,Churned,Excellent (>4)
C1021,Vivaan Singh Systems,Finance,USA,Seattle,35.0,2023-05-14,Organic Search,76.44,8.0,264.0,148.0,22493.0,4930.3,4.0,4.75,38.625,Retained,Excellent (>4)
C1022,Rahul Singh Technologies,Retail,USA,Boston,400.0,2023-09-26,Organic Search,64.68,5.0,44.0,17.0,22354.0,3823.9,8.0,6.125,46.9625,Retained,Excellent (>4)
C1023,Meera Menon Industries,Media,USA,Boston,35.0,2024-08-02,Referral,778.44,8.0,14.0,4.0,7528.0,1362.1,5.0,5.8,39.28,Retained,Excellent (>4)
C1024,Vivaan Verma Solutions,Retail,India,Bengaluru,12.0,2024-10-17,Paid Ads,246.76,4.0,47.0,22.0,1144.0,770.4000000000001,2.0,5.5,58.55,Retained,Excellent (>4)
C1025,Diya Singh Labs,Manufacturing,USA,Seattle,1200.0,2023-04-22,Outbound,262.68,5.0,70.0,34.0,33541.0,5612.8,4.0,4.5,40.825,Retained,Excellent (>4)
C1026,Vivaan Singh Solutions,Manufacturing,India,Mumbai,12.0,2024-05-04,Organic Search,698.6,6.0,62.0,35.0,6120.0,1204.1,1.0,4.0,52.7,Churned,Good (>3–4)
C1027,Vihaan Bose Group,Manufacturing,India,Bengaluru,3000.0,2023-05-06,Paid Ads,778.44,8.0,18.0,10.0,2758.0,918.7,2.0,7.0,25.0,Churned,Excellent (>4)
C1028,Ananya Gupta Solutions,Manufacturing,India,Chennai,3000.0,2023-06-06,Partner,294.52,7.0,206.0,123.0,14811.0,3007.7,4.0,5.0,27.25,Churned,Excellent (>4)
C1029,Sai Khan Technologies,Manufacturing,India,Pune,3000.0,2024-01-20,Referral,698.6,6.0,81.0,35.0,14593.0,3177.8,6.0,6.333333333333333,26.333333333333332,Retained,Excellent (>4)
C1030,Rohan Bose Solutions,Finance,India,Delhi,1200.0,2023-04-24,Referral,2458.36,9.0,396.0,231.0,16297.0,5676.0,2.0,6.0,37.099999999999994,Retained,Excellent (>4)
C1031,Isha Khan Technologies,Logistics,India,Bengaluru,400.0,2025-01-26,Organic Search,294.52,7.0,0.0,0.0,0.0,0.0,3.0,6.666666666666667,44.79999999999999,Retained,Excellent (>4)
C1032,Naveen Menon Industries,Retail,India,Pune,1200.0,2025-01-09,Events,60.76,4.0,0.0,0.0,0.0,0.0,5.0,4.0,48.54,Retained,Good (>3–4)
C1033,Arun Sharma Industries,Logistics,India,Delhi,35.0,2023-11-30,Paid Ads,342.28,10.0,146.0,93.0,18744.0,3730.3,5.0,5.4,54.220000000000006,Retained,Excellent (>4)
C1034,Sneha Rao Industries,Healthcare,India,Bengaluru,12.0,2025-01-26,Events,2578.28,10.0,0.0,0.0,0.0,0.0,3.0,4.666666666666667,37.53333333333334,Retained,Excellent (>4)
C1035,Arjun Gupta Industries,Unknown,Singapore,Singapore,80.0,2023-06-21,Outbound,1978.68,5.0,171.0,97.0,28076.0,5400.6,7.0,5.571428571428571,35.285714285714285,Retained,Excellent (>4)
C1036,Krishna Sharma Solutions,Retail,India,Mumbai,1200.0,2023-08-24,Organic Search,80.36,9.0,168.0,102.0,31827.0,3956.6,6.0,5.833333333333333,32.26666666666667,Retained,Excellent (>4)
C1037,Diya Das Industries,Education,UAE,Abu Dhabi,150.0,2024-02-26,Partner,1978.68,5.0,42.0,23.0,6623.0,1911.7,3.0,5.666666666666667,50.06666666666667,Churned,Excellent (>4)
C1038,Sneha Menon Industries,Logistics,India,Hyderabad,35.0,2023-05-06,Outbound,246.76,4.0,71.0,38.0,9156.0,1877.9,4.0,4.25,49.275,Churned,Excellent (>4)
C1039,Arjun Iyer Systems,Logistics,India,Chennai,12.0,2023-03-23,Referral,76.44,8.0,83.0,42.0,27844.0,5371.4,2.0,6.5,11.65,Retained,Excellent (>4)
C1040,Reyansh Nair Labs,Retail,UK,London,12.0,2024-02-13,Paid Ads,326.36,9.0,92.0,50.0,17865.0,2545.6,4.0,5.75,42.3,Retained,Excellent (>4)
C1041,Sanjay Khan Systems,Manufacturing,India,Pune,12.0,2023-12-30,Outbound,437.8,16.0,111.0,56.0,17426.0,3163.5,2.0,5.5,34.5,Retained,Excellent (>4)
C1042,Meera Iyer Industries,Finance,UK,London,35.0,2023-05-12,Paid Ads,60.76,4.0,311.0,183.0,33162.0,5197.9,3.0,6.0,23.7,Retained,Excellent (>4)
C1043,Aadhya Khan Systems,Manufacturing,USA,Seattle,35.0,2023-07-25,Paid Ads,698.6,6.0,173.0,99.0,13399.0,3300.2,2.0,4.0,16.1,Churned,Good (>3–4)
C1044,Krishna Bose Solutions,Retail,USA,Austin,400.0,2024-07-08,Paid Ads,246.76,4.0,78.0,41.0,4675.0,1085.2,3.0,5.0,19.233333333333334,Churned,Excellent (>4)
C1045,Kavya Verma Solutions,Retail,USA,Austin,12.0,2024-06-10,Paid Ads,2578.28,10.0,61.0,30.0,14787.0,1688.4,5.0,6.4,30.420000000000005,Retained,Excellent (>4)
C1046,Tara Patel Industries,Retail,India,Chennai,12.0,2023-09-04,Organic Search,294.52,3.0,35.0,10.0,12343.0,2652.6,6.0,5.833333333333333,46.65,Churned,Excellent (>4)
C1047,Rohan Das Technologies,Media,India,Hyderabad,150.0,2024-06-01,Paid Ads,80.36,9.0,140.0,72.0,7995.0,1636.1999999999998,1.0,5.0,32.6,Retained,Excellent (>4)
C1048,Aman Singh Labs,Finance,India,Mumbai,80.0,2023-07-25,Paid Ads,658.68,5.0,62.0,29.0,28335.0,3478.9,3.0,5.0,27.7,Retained,Excellent (>4)
C1049,Farhan Gupta Labs,Education,USA,Boston,12.0,2024-10-06,Organic Search,4676.88,16.0,32.0,18.0,5258.0,685.9000000000001,7.0,6.714285714285714,19.37142857142857,Churned,Excellent (>4)
C1050,Arun Khan Solutions,Retail,UAE,Abu Dhabi,150.0,2023-07-09,Organic Search,1825.3600000000001,10.0,101.0,51.0,7638.0,2242.5,3.0,6.0,20.6,Churned,Excellent (>4)
C1051,Priya Gupta Labs,Manufacturing,Singapore,Singapore,400.0,2024-08-01,Partner,262.68,5.0,92.0,52.0,4768.0,1286.3,5.0,7.2,29.540000000000003,Retained,Excellent (>4)
C1052,Aadhya Reddy Labs,Finance,USA,Austin,150.0,2024-05-10,Organic Search,390.04,13.0,92.0,59.0,10723.0,2131.9,4.0,5.25,31.1,Retained,Excellent (>4)
C1053,Sanjay Joshi Group,Finance,UK,London,1200.0,2023-05-25,Partner,310.44,8.0,84.0,43.0,8093.0,2017.3999999999999,2.0,6.5,41.15,Churned,Excellent (>4)
C1054,Arjun Bose Group,Manufacturing,India,Chennai,80.0,2024-11-14,Paid Ads,818.36,9.0,14.0,9.0,4910.0,824.9,3.0,5.333333333333333,40.5,Retained,Excellent (>4)
C1055,Arun Rao Technologies,Education,UK,Manchester,12.0,2023-03-25,Referral,68.6,6.0,134.0,64.0,20493.0,2621.9,3.0,6.0,28.366666666666664,Churned,Excellent (>4)
C1056,Kavya Rao Systems,Healthcare,India,Pune,80.0,2024-07-30,Events,658.68,5.0,14.0,6.0,14097.0,1681.6999999999998,4.0,4.5,36.875,Retained,Excellent (>4)
C1057,Reyansh Joshi Industries,Media,India,Delhi,1200.0,2023-11-12,Referral,76.44,8.0,260.0,136.0,14388.0,3077.1,1.0,9.0,2.8,Retained,Excellent (>4)
C1058,Riya Das Labs,Healthcare,India,Chennai,12.0,2024-08-27,Referral,64.68,5.0,45.0,23.0,4003.0,724.0,1.0,9.0,4.0,Churned,Excellent (>4)
C1059,Myra Verma Labs,Media,Singapore,Singapore,80.0,2024-07-16,Organic Search,658.68,5.0,113.0,71.0,4999.0,1587.3,2.0,6.5,24.700000000000003,Retained,Excellent (>4)
C1060,Aarav Reddy Systems,Media,UK,London,150.0,2023-07-09,Organic Search,80.36,9.0,385.0,224.0,31791.0,4374.7,2.0,5.5,57.1,Retained,Excellent (>4)
C1061,Isha Gupta Group,Finance,USA,Boston,150.0,2023-06-02,Paid Ads,310.44,8.0,266.0,158.0,16514.0,5155.2,2.0,6.5,37.45,Retained,Excellent (>4)
C1062,Kavya Das Solutions,Manufacturing,India,Mumbai,3000.0,2023-06-02,Paid Ads,358.2,11.0,6.0,2.0,2946.0,438.0,2.0,5.0,42.9,Churned,Excellent (>4)
C1063,Rahul Menon Systems,Logistics,USA,Austin,12.0,2023-06-09,Events,56.84,3.0,52.0,25.0,12377.0,1460.6,4.0,4.75,43.95,Churned,Excellent (>4)
C1064,Riya Sharma Technologies,Logistics,India,Chennai,35.0,2024-03-21,Paid Ads,68.6,6.0,88.0,39.0,16026.0,2546.0,1.0,8.0,22.1,Retained,Excellent (>4)
C1065,Priya Verma Systems,Education,India,Chennai,3000.0,2023-10-25,Organic Search,898.2,11.0,90.0,47.0,19830.0,4097.7,4.0,6.25,32.825,Retained,Excellent (>4)
C1066,Ishaan Reddy Solutions,Education,UK,Manchester,80.0,2024-07-18,Organic Search,88.2,11.0,32.0,16.0,8966.0,1407.7,3.0,3.3333333333333335,46.63333333333333,Retained,Good (>3–4)
C1067,Tara Khan Group,Logistics,India,Delhi,80.0,2024-02-10,Partner,326.36,9.0,139.0,83.0,23539.0,2360.9,6.0,5.833333333333333,48.083333333333336,Retained,Excellent (>4)
C1068,Ananya Gupta Industries,Healthcare,USA,Seattle,150.0,2024-11-04,Organic Search,262.68,5.0,5.0,1.0,1291.0,625.5999999999999,2.0,5.5,50.6,Retained,Excellent (>4)
C1069,Aadhya Joshi Systems,Logistics,India,Hyderabad,35.0,2023-08-15,Partner,80.36,9.0,262.0,141.0,17132.0,4548.9,2.0,7.5,9.05,Retained,Excellent (>4)
C1070,Kiara Das Solutions,Manufacturing,UK,Manchester,35.0,2025-01-25,Organic Search,64.68,5.0,0.0,0.0,0.0,0.0,3.0,7.0,11.933333333333332,Retained,Excellent (>4)
C1071,Arjun Patel Labs,Education,USA,Austin,35.0,2024-09-11,Organic Search,326.36,9.0,82.0,41.0,7361.0,969.3,4.0,6.0,38.45,Retained,Excellent (>4)
C1072,Rohan Gupta Technologies,Media,India,Pune,400.0,2023-04-22,Paid Ads,278.6,6.0,368.0,211.0,45924.0,4879.2,8.0,5.75,38.4875,Retained,Excellent (>4)
C1073,Vivaan Menon Group,Logistics,UK,London,80.0,2023-08-20,Partner,84.28,10.0,150.0,86.0,29996.0,4698.9,4.0,3.25,47.4,Retained,Good (>3–4)
C1074,Priya Khan Group,Finance,UK,London,1200.0,2024-10-11,Referral,294.52,7.0,22.0,12.0,3339.0,647.0,5.0,4.4,44.6,Retained,Excellent (>4)
C1075,Ishaan Khan Industries,Healthcare,India,Pune,35.0,2024-05-01,Organic Search,738.52,7.0,39.0,22.0,12737.0,2030.6,5.0,6.6,26.360000000000003,Retained,Excellent (>4)
C1076,Arun Khan Labs,Education,India,Chennai,400.0,2024-05-26,Organic Search,2542.6400000000003,19.0,97.0,46.0,3740.0,1196.6,3.0,4.0,45.56666666666666,Churned,Good (>3–4)
C1077,Krishna Nair Industries,Retail,USA,Austin,1200.0,2024-03-10,Paid Ads,80.36,9.0,64.0,35.0,21829.0,2317.6,4.0,7.5,22.175,Retained,Excellent (>4)
C1078,Rohan Patel Group,Media,India,Chennai,12.0,2024-03-09,Organic Search,76.44,8.0,32.0,13.0,12136.0,2280.5,8.0,6.0,25.3875,Retained,Excellent (>4)
C1079,Arun Rao Industries,Education,USA,Austin,150.0,2024-07-30,Organic Search,778.44,8.0,73.0,43.0,8715.0,1308.6,5.0,7.2,22.240000000000002,Retained,Excellent (>4)
C1080,Rohan Sharma Group,Media,India,Bengaluru,35.0,2024-05-05,Partner,310.44,8.0,29.0,14.0,11010.0,1817.1999999999998,2.0,5.5,19.0,Retained,Excellent (>4)
C1081,Ananya Nair Group,Logistics,USA,Austin,12.0,2024-04-01,Outbound,64.68,5.0,21.0,8.0,6779.0,2164.7,3.0,6.666666666666667,47.53333333333333,Retained,Excellent (>4)
C1082,Aadhya Nair Systems,Finance,India,Delhi,35.0,2024-06-06,Paid Ads,294.52,7.0,92.0,41.0,8629.0,1994.1,6.0,4.333333333333333,51.81666666666666,Retained,Excellent (>4)
C1083,Deepak Das Group,Retail,India,Mumbai,1200.0,2024-03-01,Organic Search,80.36,9.0,63.0,31.0,21976.0,2616.3,1.0,5.0,69.2,Retained,Excellent (>4)
C1084,Meera Patel Industries,Finance,Singapore,Singapore,35.0,2025-01-17,Organic Search,294.52,7.0,0.0,0.0,0.0,0.0,5.0,6.6,19.22,Retained,Excellent (>4)
C1085,Aditya Reddy Group,Logistics,Singapore,Singapore,12.0,2023-06-17,Partner,618.76,4.0,109.0,60.0,5745.0,1269.1000000000001,2.0,8.0,6.95,Churned,Excellent (>4)
C1086,Karthik Sharma Systems,Media,USA,Boston,400.0,2023-04-29,Organic Search,818.36,9.0,46.0,21.0,24023.0,5188.8,2.0,2.5,51.25,Retained,Moderate (>2–3)
C1087,Diya Iyer Labs,Retail,India,Mumbai,12.0,2024-11-03,Outbound,60.76,4.0,10.0,6.0,4931.0,369.0,4.0,5.75,51.0,Retained,Excellent (>4)
C1088,Reyansh Das Technologies,Healthcare,UAE,Dubai,12.0,2023-06-30,Events,310.44,8.0,65.0,31.0,25835.0,4372.1,3.0,6.333333333333333,46.4,Retained,Excellent (>4)
C1089,Reyansh Bose Solutions,Manufacturing,UK,London,150.0,2024-05-27,Organic Search,294.52,9.0,22.0,9.0,9825.0,2563.9,4.0,7.5,52.925,Retained,Excellent (>4)
C1090,Aarav Menon Group,Manufacturing,Singapore,Singapore,150.0,2024-10-05,Partner,326.36,9.0,9.0,4.0,2140.0,551.8,3.0,6.333333333333333,30.566666666666666,Churned,Excellent (>4)
C1091,Myra Nair Solutions,Finance,India,Bengaluru,35.0,2024-11-17,Events,618.76,4.0,13.0,6.0,1649.0,739.0999999999999,3.0,1.0,51.166666666666664,Retained,Low (≤2)
C1092,Aman Sharma Solutions,Retail,India,Delhi,150.0,2024-12-05,Organic Search,68.6,6.0,7.0,2.0,3097.0,221.8,2.0,4.5,40.55,Retained,Excellent (>4)
C1093,Aarav Joshi Technologies,Retail,India,Mumbai,400.0,2023-05-28,Organic Search,658.68,5.0,263.0,159.0,32589.0,5688.2,5.0,5.4,22.14,Retained,Excellent (>4)
C1094,Isha Nair Solutions,Retail,USA,Seattle,80.0,2023-03-05,Referral,1858.76,4.0,377.0,206.0,34990.0,5469.5,2.0,5.0,25.799999999999997,Retained,Excellent (>4)
C1095,Aarav Das Industries,Logistics,Singapore,Singapore,400.0,2023-02-13,Partner,72.52,7.0,170.0,92.0,25465.0,5224.7,2.0,2.0,50.900000000000006,Retained,Low (≤2)
C1096,Deepak Gupta Labs,Finance,USA,Boston,150.0,2024-03-07,Organic Search,310.44,8.0,151.0,75.0,14710.0,2549.2,5.0,6.4,22.48,Retained,Excellent (>4)
C1097,Diya Gupta Industries,Logistics,USA,Boston,1200.0,2024-12-24,Paid Ads,68.6,6.0,4.0,2.0,142.0,350.7,5.0,7.0,31.339999999999996,Churned,Excellent (>4)
C1098,Myra Nair Systems,Logistics,UK,London,12.0,2024-04-24,Organic Search,818.36,9.0,78.0,38.0,10967.0,2559.7,3.0,5.0,30.46666666666667,Retained,Excellent (>4)
C1099,Ishaan Patel Group,Logistics,India,Mumbai,1200.0,2023-02-17,Paid Ads,88.2,11.0,69.0,33.0,9438.0,1938.2,3.0,6.333333333333333,6.166666666666667,Churned,Excellent (>4)
C1100,Priya Gupta Solutions,Healthcare,UAE,Abu Dhabi,80.0,2024-07-27,Partner,2098.6,6.0,99.0,50.0,4439.0,1477.6,2.0,4.5,37.6,Retained,Excellent (>4)
C1101,Zoya Bose Industries,Finance,UK,London,400.0,2023-02-24,Outbound,294.52,7.0,166.0,86.0,20407.0,5621.4,2.0,4.0,44.1,Retained,Good (>3–4)
C1102,Deepak Iyer Solutions,Retail,India,Delhi,150.0,2023-03-18,Paid Ads,2218.52,7.0,329.0,181.0,27520.0,5287.599999999999,2.0,6.5,22.400000000000002,Retained,Excellent (>4)
C1103,Pooja Menon Group,Retail,India,Mumbai,1200.0,2023-07-30,Unknown,3057.96,14.0,205.0,127.0,19629.0,4535.4,2.0,5.0,45.45,Retained,Excellent (>4)
C1104,Farhan Iyer Group,Finance,Singapore,Singapore,12.0,2024-10-10,Events,72.52,7.0,14.0,6.0,3179.0,731.8,1.0,2.0,68.5,Retained,Low (≤2)
C1105,Riya Gupta Labs,Media,India,Bengaluru,12.0,2023-01-30,Organic Search,698.6,6.0,218.0,120.0,40850.0,6135.1,2.0,6.5,32.0,Retained,Excellent (>4)
C1106,Ananya Singh Group,Logistics,Singapore,Singapore,80.0,2024-09-29,Referral,199.0,1.0,19.0,11.0,5248.0,1062.8000000000002,3.0,4.333333333333333,21.0,Retained,Excellent (>4)
C1107,Isha Nair Technologies,Retail,India,Pune,3000.0,2023-12-07,Partner,64.68,5.0,131.0,68.0,9557.0,1669.5,4.0,4.75,34.625,Churned,Excellent (>4)
C1108,Saanvi Joshi Systems,Unknown,Singapore,Singapore,150.0,2023-01-14,Paid Ads,68.6,6.0,319.0,195.0,14818.0,5954.4,2.0,8.5,32.05,Retained,Excellent (>4)
C1109,Kiara Verma Industries,Retail,UAE,Dubai,80.0,2023-02-19,Organic Search,262.68,5.0,397.0,218.0,22170.0,5452.4,6.0,6.166666666666667,57.800000000000004,Retained,Excellent (>4)
C1110,Tara Sharma Solutions,Media,UK,Manchester,35.0,2024-07-30,Outbound,294.52,7.0,70.0,37.0,7955.0,1803.8,1.0,7.0,11.2,Retained,Excellent (>4)
C1111,Priya Khan Industries,Unknown,UAE,Abu Dhabi,35.0,2024-06-30,Organic Search,658.68,5.0,97.0,57.0,13354.0,2055.6,6.0,5.166666666666667,35.766666666666666,Retained,Excellent (>4)
C1112,Aarav Singh Labs,Education,UK,London,1200.0,2023-07-25,Partner,72.52,7.0,197.0,115.0,12639.0,2097.6,7.0,6.0,27.97142857142857,Churned,Excellent (>4)
C1113,Riya Iyer Technologies,Healthcare,India,Chennai,12.0,2024-09-12,Outbound,2578.28,10.0,75.0,58.0,5941.0,898.3,5.0,5.0,42.620000000000005,Retained,Excellent (>4)
C1114,Aadhya Das Industries,Manufacturing,USA,Boston,35.0,2024-11-26,Outbound,80.36,9.0,43.0,27.0,7252.0,711.9,2.0,4.5,54.7,Retained,Excellent (>4)
C1115,Rahul Rao Labs,Finance,UAE,Dubai,12.0,2024-09-16,Partner,88.2,11.0,32.0,11.0,4271.0,925.6999999999999,5.0,6.0,39.64,Churned,Excellent (>4)
C1116,Isha Gupta Group,Finance,India,Mumbai,35.0,2024-12-01,Partner,80.36,9.0,3.0,2.0,1626.0,206.0,5.0,5.2,34.059999999999995,Retained,Excellent (>4)
C1117,Arun Gupta Labs,Education,UAE,Abu Dhabi,400.0,2024-01-27,Events,738.52,7.0,21.0,15.0,1511.0,839.0999999999999,3.0,4.666666666666667,27.03333333333333,Churned,Excellent (>4)
C1118,Ishaan Reddy Group,Education,UAE,Abu Dhabi,400.0,2024-07-17,Events,278.6,6.0,25.0,9.0,2732.0,1294.8,1.0,2.0,27.8,Retained,Low (≤2)
C1119,Deepak Verma Systems,Logistics,India,Bengaluru,80.0,2023-07-29,Referral,72.52,7.0,143.0,78.0,31571.0,4465.8,3.0,7.333333333333333,44.76666666666667,Retained,Excellent (>4)
C1120,Pooja Rao Solutions,Manufacturing,UAE,Abu Dhabi,80.0,2024-06-20,Outbound,310.44,8.0,53.0,31.0,6893.0,2091.4,2.0,5.0,52.349999999999994,Retained,Excellent (>4)
C1121,Ishaan Singh Group,Logistics,India,Mumbai,1200.0,2023-04-13,Events,1858.76,4.0,361.0,190.0,16589.0,5596.4,3.0,6.0,32.800000000000004,Retained,Excellent (>4)
C1122,Aarav Gupta Technologies,Logistics,India,Bengaluru,12.0,2024-04-06,Referral,310.44,8.0,51.0,26.0,11495.0,1316.7,3.0,5.0,33.86666666666667,Churned,Excellent (>4)
C1123,Vihaan Joshi Solutions,Manufacturing,India,Mumbai,400.0,2024-05-09,Outbound,92.12,12.0,103.0,64.0,8648.0,2245.8,5.0,5.0,31.339999999999996,Retained,Excellent (>4)
C1124,Krishna Sharma Systems,Manufacturing,UK,Manchester,150.0,2024-08-09,Partner,278.6,6.0,27.0,16.0,5295.0,1553.3,1.0,6.0,4.9,Retained,Excellent (>4)
C1125,Kiara Verma Systems,Media,UK,London,12.0,2023-06-17,Referral,88.2,11.0,171.0,97.0,12809.0,1938.2,5.0,5.6,55.94000000000001,Churned,Excellent (>4)
C1126,Sneha Iyer Group,Retail,India,Chennai,35.0,2023-10-11,Outbound,96.04,13.0,198.0,131.0,18920.0,4027.4,4.0,5.25,29.05,Retained,Excellent (>4)
C1127,Divya Gupta Labs,Education,UAE,Abu Dhabi,35.0,2024-03-16,Partner,278.6,6.0,173.0,91.0,17903.0,2411.2,6.0,4.166666666666667,39.733333333333334,Retained,Excellent (>4)
C1128,Sneha Rao Industries,Finance,India,Mumbai,400.0,2023-09-29,Organic Search,88.2,11.0,325.0,187.0,29390.0,3862.2,2.0,6.5,37.0,Retained,Excellent (>4)
C1129,Farhan Reddy Labs,Manufacturing,India,Mumbai,3000.0,2024-05-26,Referral,858.28,10.0,57.0,32.0,3842.0,1717.3,3.0,6.333333333333333,35.666666666666664,Churned,Excellent (>4)
C1130,Nikita Iyer Technologies,Media,UAE,Dubai,150.0,2024-03-26,Unknown,80.36,9.0,181.0,108.0,18465.0,2618.8,3.0,8.333333333333334,18.866666666666664,Retained,Excellent (>4)
C1131,Aditya Menon Industries,Manufacturing,UAE,Abu Dhabi,80.0,2023-05-05,Organic Search,525.36,10.0,129.0,65.0,23099.0,4145.5,4.0,4.75,39.4,Churned,Excellent (>4)
C1132,Sneha Khan Solutions,Finance,Singapore,Singapore,35.0,2023-12-07,Organic Search,775.04,14.0,37.0,14.0,9322.0,2167.1,0.0,,,Churned,
C1133,Divya Nair Solutions,Retail,India,Pune,12.0,2025-01-25,Events,80.36,9.0,0.0,0.0,0.0,0.0,1.0,8.0,32.4,Retained,Excellent (>4)
C1134,Tara Reddy Industries,Healthcare,India,Delhi,35.0,2023-01-30,Referral,56.84,3.0,453.0,232.0,31979.0,5905.8,6.0,5.666666666666667,40.15,Retained,Excellent (>4)
C1135,Nikita Menon Solutions,Education,India,Hyderabad,35.0,2023-11-21,Organic Search,246.76,4.0,159.0,95.0,18102.0,3275.8,3.0,4.666666666666667,62.9,Retained,Excellent (>4)
C1136,Deepak Bose Group,Media,UAE,Dubai,35.0,2024-04-04,Paid Ads,294.52,7.0,47.0,25.0,12966.0,2207.4,0.0,,,Retained,
C1137,Arun Verma Labs,Finance,India,Pune,80.0,2023-08-09,Partner,342.28,10.0,110.0,62.0,8261.0,1366.6,6.0,5.5,30.616666666666664,Churned,Excellent (>4)
C1138,Meera Sharma Labs,Retail,India,Bengaluru,35.0,2024-10-27,Outbound,84.28,10.0,50.0,25.0,3912.0,601.3000000000001,5.0,5.0,26.080000000000002,Retained,Excellent (>4)
C1139,Arjun Menon Group,Logistics,India,Delhi,12.0,2023-07-17,Referral,68.6,6.0,211.0,108.0,33461.0,4953.2,4.0,5.25,49.300000000000004,Retained,Excellent (>4)
C1140,Aarav Nair Systems,Retail,India,Chennai,12.0,2024-07-15,Paid Ads,278.6,6.0,36.0,15.0,1991.0,781.7,7.0,5.285714285714286,46.228571428571435,Churned,Excellent (>4)
C1141,Ananya Joshi Industries,Finance,USA,Austin,400.0,2023-02-25,Organic Search,278.6,6.0,136.0,71.0,28450.0,6789.9,4.0,4.0,33.575,Retained,Good (>3–4)
C1142,Kavya Reddy Technologies,Education,USA,Austin,400.0,2023-03-03,Partner,326.36,9.0,270.0,151.0,27711.0,5823.3,4.0,6.75,28.05,Retained,Excellent (>4)
C1143,Reyansh Menon Solutions,Retail,Singapore,Singapore,35.0,2023-02-20,Unknown,88.2,11.0,98.0,52.0,10005.0,2354.3,4.0,4.5,52.824999999999996,Churned,Excellent (>4)
C1144,Aditya Sharma Technologies,Media,UK,London,80.0,2024-01-15,Referral,2698.2,11.0,216.0,131.0,22209.0,3397.3,3.0,5.0,32.23333333333333,Retained,Excellent (>4)
C1145,Pooja Reddy Solutions,Logistics,India,Hyderabad,35.0,2023-03-28,Outbound,68.6,6.0,313.0,169.0,23925.0,6105.9,5.0,5.0,54.06,Retained,Excellent (>4)
C1146,Priya Iyer Technologies,Healthcare,India,Pune,150.0,2023-01-16,Referral,294.52,7.0,132.0,68.0,24680.0,5860.7,2.0,3.5,30.5,Retained,Good (>3–4)
C1147,Vivaan Khan Technologies,Manufacturing,India,Bengaluru,80.0,2023-11-07,Organic Search,262.68,5.0,173.0,85.0,13087.0,3993.0,2.0,4.5,43.7,Retained,Excellent (>4)
C1148,Divya Bose Solutions,Education,India,Chennai,80.0,2024-09-04,Unknown,778.44,8.0,18.0,7.0,3392.0,832.8000000000001,1.0,3.0,68.6,Retained,Moderate (>2–3)
C1149,Vivaan Verma Technologies,Logistics,UK,London,35.0,2023-04-23,Paid Ads,1978.68,5.0,71.0,39.0,23494.0,5919.3,5.0,5.0,31.920000000000005,Retained,Excellent (>4)
C1150,Rahul Singh Technologies,Education,India,Hyderabad,35.0,2025-01-14,Outbound,578.84,3.0,0.0,0.0,0.0,0.0,3.0,5.0,45.0,Churned,Excellent (>4)
C1151,Aman Gupta Solutions,Manufacturing,India,Chennai,12.0,2023-07-20,Paid Ads,778.44,8.0,132.0,77.0,10874.0,1887.0,1.0,2.0,61.7,Churned,Low (≤2)
C1152,Nikita Verma Technologies,Finance,USA,Austin,80.0,2024-08-03,Organic Search,294.52,7.0,19.0,7.0,4282.0,886.7,5.0,5.2,39.660000000000004,Churned,Excellent (>4)
C1153,Aadhya Patel Solutions,Media,India,Pune,80.0,2024-08-10,Paid Ads,618.76,4.0,30.0,11.0,7219.0,1156.8,1.0,8.0,12.7,Retained,Excellent (>4)
C1154,Kiara Das Group,Unknown,India,Pune,80.0,2024-10-29,Organic Search,723.3599999999999,10.0,8.0,4.0,3649.0,657.9000000000001,1.0,6.0,77.3,Churned,Excellent (>4)
C1155,Naveen Verma Technologies,Manufacturing,India,Bengaluru,12.0,2023-09-30,Referral,2098.6,6.0,97.0,46.0,21903.0,4323.0,3.0,6.666666666666667,40.46666666666667,Retained,Excellent (>4)
C1156,Diya Sharma Technologies,Retail,India,Chennai,80.0,2024-03-16,Organic Search,2218.52,7.0,85.0,46.0,12133.0,2974.4,2.0,6.5,5.85,Retained,Excellent (>4)
C1157,Meera Joshi Solutions,Logistics,Singapore,Singapore,150.0,2024-02-24,Paid Ads,230.84,3.0,76.0,39.0,15644.0,2611.0,6.0,5.166666666666667,38.083333333333336,Retained,Excellent (>4)
C1158,Farhan Nair Labs,Education,India,Mumbai,3000.0,2023-03-21,Organic Search,84.28,10.0,201.0,97.0,21070.0,5085.2,3.0,5.666666666666667,46.0,Retained,Excellent (>4)
C1159,Deepak Bose Systems,Education,UK,London,400.0,2024-09-02,Organic Search,80.36,9.0,50.0,26.0,5396.0,952.8,6.0,5.333333333333333,50.54999999999999,Retained,Excellent (>4)
C1160,Ishaan Singh Group,Education,USA,Boston,1200.0,2024-12-11,Organic Search,68.6,6.0,10.0,4.0,597.0,228.8,4.0,5.0,45.15,Retained,Excellent (>4)
C1161,Sneha Das Systems,Healthcare,UAE,Dubai,150.0,2024-05-18,Paid Ads,246.76,4.0,22.0,9.0,21178.0,2260.1,3.0,4.0,30.833333333333332,Retained,Good (>3–4)
C1162,Divya Nair Technologies,Logistics,India,Hyderabad,150.0,2024-09-08,Outbound,2098.6,6.0,26.0,14.0,1159.0,551.1999999999999,3.0,5.666666666666667,24.2,Churned,Excellent (>4)
C1163,Meera Menon Industries,Media,India,Bengaluru,35.0,2023-09-03,Paid Ads,278.6,6.0,89.0,45.0,24521.0,3983.4,3.0,4.0,27.666666666666668,Retained,Good (>3–4)
C1164,Saanvi Menon Systems,Healthcare,India,Pune,150.0,2023-10-06,Events,80.36,9.0,255.0,139.0,27508.0,3747.0,3.0,4.666666666666667,30.333333333333332,Retained,Excellent (>4)
C1165,Arjun Das Solutions,Logistics,India,Bengaluru,80.0,2024-03-12,Partner,72.52,7.0,153.0,93.0,13464.0,2518.4,5.0,5.4,49.480000000000004,Retained,Excellent (>4)
C1166,Deepak Joshi Industries,Education,India,Bengaluru,80.0,2024-08-30,Paid Ads,2338.44,8.0,31.0,21.0,7565.0,1049.7,3.0,4.0,35.03333333333333,Retained,Good (>3–4)
C1167,Aarav Patel Labs,Media,Singapore,Singapore,3000.0,2023-04-19,Paid Ads,278.6,6.0,66.0,26.0,26818.0,4928.8,4.0,6.75,19.85,Retained,Excellent (>4)
C1168,Aditya Joshi Solutions,Finance,USA,Seattle,80.0,2023-10-30,Referral,56.84,3.0,318.0,164.0,12269.0,3954.2,2.0,6.5,7.55,Retained,Excellent (>4)
C1169,Reyansh Menon Solutions,Manufacturing,UK,Manchester,400.0,2024-09-01,Organic Search,658.68,5.0,16.0,7.0,8651.0,1094.9,3.0,9.333333333333334,21.96666666666667,Retained,Excellent (>4)
C1170,Diya Verma Industries,Finance,India,Mumbai,80.0,2023-12-28,Referral,76.44,8.0,74.0,46.0,5555.0,912.7,2.0,4.5,50.4,Churned,Excellent (>4)
C1171,Aditya Khan Industries,Retail,USA,Austin,35.0,2023-11-04,Referral,294.52,8.0,270.0,135.0,20380.0,3424.1,0.0,,,Retained,
C1172,Reyansh Menon Industries,Healthcare,Singapore,Singapore,400.0,2024-11-08,Referral,818.36,9.0,23.0,10.0,2296.0,209.9,0.0,,,Churned,
C1173,Kiara Bose Labs,Finance,India,Delhi,12.0,2024-09-03,Events,76.44,8.0,35.0,20.0,6443.0,571.4,1.0,5.0,23.1,Churned,Excellent (>4)
C1174,Vivaan Verma Systems,Retail,India,Bengaluru,80.0,2024-08-29,Partner,230.84,3.0,63.0,28.0,7341.0,935.7,6.0,6.0,36.85,Retained,Excellent (>4)
C1175,Pooja Bose Solutions,Logistics,India,Delhi,12.0,2023-05-31,Organic Search,56.84,3.0,103.0,47.0,22317.0,4691.6,7.0,5.714285714285714,41.885714285714286,Retained,Excellent (>4)
C1176,Sneha Khan Technologies,Education,UAE,Abu Dhabi,12.0,2024-08-26,Organic Search,72.52,7.0,60.0,29.0,1509.0,798.1,5.0,4.8,23.860000000000003,Churned,Excellent (>4)
C1177,Isha Gupta Group,Media,USA,Seattle,12.0,2023-11-13,Organic Search,72.52,7.0,245.0,156.0,17908.0,4081.4,5.0,5.2,26.28,Retained,Excellent (>4)
C1178,Isha Menon Solutions,Retail,India,Mumbai,12.0,2023-06-30,Partner,326.36,9.0,360.0,205.0,24438.0,4765.1,2.0,4.5,25.200000000000003,Retained,Excellent (>4)
C1179,Sneha Iyer Solutions,Media,USA,Boston,12.0,2023-08-13,Paid Ads,60.76,4.0,30.0,14.0,5745.0,1048.6,3.0,5.0,23.666666666666668,Churned,Excellent (>4)
C1180,Rahul Menon Labs,Retail,UAE,Dubai,80.0,2023-08-14,Organic Search,68.6,6.0,142.0,94.0,8996.0,1991.9,1.0,1.0,79.8,Churned,Low (≤2)
C1181,Isha Reddy Labs,Healthcare,UK,London,150.0,2024-09-28,Partner,230.84,3.0,65.0,34.0,2741.0,725.8,2.0,4.5,23.299999999999997,Churned,Excellent (>4)
C1182,Arun Menon Labs,Finance,India,Bengaluru,1200.0,2023-09-21,Organic Search,1978.68,5.0,37.0,14.0,14175.0,2507.7,4.0,3.75,42.075,Churned,Good (>3–4)
C1183,Sanjay Gupta Labs,Manufacturing,USA,Austin,400.0,2024-04-03,Paid Ads,402.8,17.0,52.0,26.0,10636.0,1341.9,3.0,6.0,34.6,Churned,Excellent (>4)
C1184,Meera Verma Group,Manufacturing,USA,Boston,80.0,2023-04-15,Organic Search,818.36,9.0,192.0,99.0,21884.0,5320.3,2.0,3.5,15.549999999999999,Retained,Good (>3–4)
C1185,Zoya Rao Labs,Finance,India,Mumbai,35.0,2024-08-23,Partner,294.52,7.0,53.0,27.0,6286.0,1016.2,3.0,6.0,10.133333333333333,Churned,Excellent (>4)
C1186,Diya Rao Technologies,Media,UK,Manchester,80.0,2023-10-05,Paid Ads,738.52,7.0,104.0,59.0,22089.0,3798.4,3.0,6.0,14.299999999999999,Retained,Excellent (>4)
C1187,Pooja Gupta Group,Manufacturing,India,Mumbai,150.0,2024-03-20,Organic Search,578.84,3.0,209.0,122.0,18117.0,2975.9,2.0,5.5,34.4,Retained,Excellent (>4)
C1188,Tara Rao Industries,Healthcare,India,Hyderabad,12.0,2023-07-21,Referral,778.44,8.0,389.0,245.0,35150.0,4804.6,4.0,5.0,41.275,Retained,Excellent (>4)
C1189,Kiara Patel Group,Media,India,Bengaluru,150.0,2024-08-26,Referral,310.44,8.0,19.0,9.0,8596.0,604.3,1.0,3.0,59.0,Churned,Moderate (>2–3)
C1190,Myra Joshi Solutions,Retail,UK,Manchester,12.0,2023-02-14,Paid Ads,342.28,10.0,53.0,18.0,24468.0,5894.7,1.0,9.0,4.1,Retained,Excellent (>4)
C1191,Sai Patel Industries,Healthcare,UAE,Abu Dhabi,12.0,2023-12-31,Referral,68.6,6.0,246.0,131.0,13042.0,3241.4,2.0,6.5,23.549999999999997,Retained,Excellent (>4)
C1192,Deepak Nair Technologies,Media,UK,Manchester,150.0,2023-07-05,Organic Search,84.28,10.0,62.0,32.0,22798.0,4445.2,4.0,5.0,31.95,Retained,Excellent (>4)
C1193,Diya Menon Systems,Unknown,USA,Seattle,1200.0,2024-08-02,Paid Ads,278.6,6.0,18.0,10.0,5062.0,1498.6,2.0,5.0,16.55,Retained,Excellent (>4)
C1194,Zoya Bose Group,Retail,UAE,Dubai,80.0,2024-03-19,Organic Search,3957.3599999999997,10.0,105.0,62.0,7975.0,1555.5,5.0,5.2,39.46,Churned,Excellent (>4)
C1195,Aman Gupta Labs,Finance,UAE,Abu Dhabi,80.0,2023-05-03,Referral,2578.28,10.0,224.0,120.0,20385.0,4668.9,5.0,5.2,31.52,Retained,Excellent (>4)
C1196,Ananya Singh Industries,Finance,India,Hyderabad,80.0,2023-03-16,Referral,99.96,14.0,6.0,2.0,3590.0,589.8,3.0,7.333333333333333,15.799999999999999,Churned,Excellent (>4)
C1197,Sanjay Menon Industries,Education,Singapore,Singapore,35.0,2024-04-28,Referral,88.2,11.0,86.0,49.0,19714.0,2455.6,6.0,5.333333333333333,38.38333333333333,Retained,Excellent (>4)
C1198,Ananya Sharma Labs,Finance,India,Hyderabad,12.0,2023-04-26,Paid Ads,2218.52,7.0,377.0,179.0,28182.0,5368.0,6.0,6.5,27.03333333333333,Retained,Excellent (>4)
C1199,Aman Singh Labs,Education,India,Pune,80.0,2024-08-05,Paid Ads,278.6,6.0,12.0,5.0,7005.0,1241.4,1.0,5.0,59.4,Retained,Excellent (>4)
C1200,Kavya Rao Industries,Media,India,Delhi,80.0,2024-11-10,Partner,60.76,4.0,21.0,7.0,927.0,447.9,3.0,4.666666666666667,55.199999999999996,Retained,Excellent (>4)
C1201,Naveen Patel Labs,Manufacturing,India,Delhi,400.0,2024-12-07,Organic Search,1858.76,4.0,20.0,9.0,185.0,337.2,4.0,5.5,49.85,Retained,Excellent (>4)
C1202,Karthik Iyer Labs,Finance,India,Pune,35.0,2024-12-06,Organic Search,1112.88,16.0,18.0,6.0,1956.0,335.6,1.0,5.0,41.6,Churned,Excellent (>4)
C1203,Saanvi Reddy Industries,Education,USA,Seattle,1200.0,2024-10-24,Organic Search,858.28,10.0,36.0,22.0,8114.0,821.0,2.0,7.0,32.05,Retained,Excellent (>4)
C1204,Aman Reddy Systems,Manufacturing,India,Bengaluru,12.0,2023-02-19,Paid Ads,2338.44,8.0,333.0,202.0,23455.0,6215.1,3.0,5.666666666666667,62.76666666666667,Retained,Excellent (>4)
C1205,Isha Joshi Labs,Healthcare,USA,Seattle,1200.0,2023-11-16,Paid Ads,778.44,8.0,87.0,47.0,9564.0,2022.0,1.0,6.0,27.3,Churned,Excellent (>4)
C1206,Zoya Gupta Group,Logistics,India,Bengaluru,400.0,2023-04-29,Paid Ads,738.52,7.0,349.0,199.0,30924.0,5245.900000000001,9.0,5.666666666666667,34.63333333333333,Retained,Excellent (>4)
C1207,Sneha Gupta Technologies,Manufacturing,Singapore,Singapore,80.0,2023-04-17,Organic Search,310.44,8.0,373.0,186.0,29308.0,5186.3,3.0,5.0,46.333333333333336,Retained,Excellent (>4)
C1208,Deepak Das Group,Healthcare,India,Mumbai,150.0,2023-10-02,Organic Search,60.76,4.0,21.0,12.0,10291.0,1918.8,2.0,5.5,25.3,Churned,Excellent (>4)
C1209,Rahul Khan Systems,Media,USA,Seattle,12.0,2023-08-28,Organic Search,658.68,5.0,30.0,15.0,6854.0,1348.6,1.0,7.0,12.3,Churned,Excellent (>4)
C1210,Deepak Patel Technologies,Healthcare,India,Delhi,1200.0,2023-12-29,Events,56.84,3.0,36.0,18.0,5247.0,972.7,3.0,5.0,17.366666666666667,Churned,Excellent (>4)
C1211,Krishna Iyer Solutions,Retail,India,Mumbai,1200.0,2024-10-13,Events,294.52,7.0,52.0,25.0,3102.0,1011.4,1.0,5.0,57.9,Retained,Excellent (>4)
C1212,Sai Verma Solutions,Retail,India,Mumbai,80.0,2023-06-27,Events,538.92,2.0,185.0,106.0,21498.0,4957.6,4.0,7.5,32.825,Retained,Excellent (>4)
C1213,Nikita Verma Labs,Retail,India,Delhi,12.0,2024-11-28,Events,214.92,2.0,17.0,13.0,826.0,435.3,1.0,6.0,44.3,Retained,Excellent (>4)
C1214,Sneha Sharma Technologies,Logistics,India,Pune,80.0,2024-11-17,Outbound,405.96,14.0,31.0,19.0,4733.0,505.5,6.0,6.166666666666667,33.93333333333333,Retained,Excellent (>4)
C1215,Zoya Patel Solutions,Healthcare,UK,Manchester,12.0,2024-08-28,Organic Search,60.76,4.0,18.0,6.0,4925.0,1392.0,5.0,5.2,32.04,Retained,Excellent (>4)
C1216,Nikita Khan Systems,Manufacturing,India,Chennai,150.0,2023-08-25,Paid Ads,76.44,8.0,93.0,48.0,20645.0,4497.7,3.0,5.333333333333333,40.9,Retained,Excellent (>4)
C1217,Sai Iyer Industries,Logistics,India,Pune,35.0,2023-03-06,Paid Ads,1858.76,4.0,159.0,95.0,10986.0,2178.9,5.0,5.2,34.739999999999995,Churned,Excellent (>4)
C1218,Reyansh Joshi Group,Education,Singapore,Singapore,12.0,2025-01-19,Paid Ads,84.28,10.0,0.0,0.0,0.0,0.0,5.0,5.8,45.62,Retained,Excellent (>4)
C1219,Tara Nair Group,Healthcare,India,Pune,12.0,2023-03-06,Organic Search,160.72,18.0,147.0,80.0,24237.0,4534.8,2.0,7.0,62.05,Churned,Excellent (>4)
C1220,Diya Rao Solutions,Logistics,UAE,Abu Dhabi,12.0,2023-02-28,Outbound,658.68,5.0,261.0,149.0,32557.0,5894.0,5.0,4.6,54.339999999999996,Retained,Excellent (>4)
C1221,Rahul Gupta Solutions,Education,India,Mumbai,150.0,2023-05-20,Unknown,80.36,9.0,108.0,56.0,15668.0,1797.4,3.0,6.333333333333333,26.233333333333334,Churned,Excellent (>4)
C1222,Aarav Verma Labs,Finance,UK,Manchester,80.0,2024-09-13,Outbound,818.36,9.0,53.0,35.0,2364.0,1013.3,4.0,4.75,51.9,Retained,Excellent (>4)
C1223,Vihaan Joshi Industries,Education,USA,Austin,12.0,2024-08-07,Paid Ads,278.6,6.0,99.0,61.0,5520.0,1334.6999999999998,2.0,7.5,4.1,Retained,Excellent (>4)
C1224,Isha Patel Technologies,Manufacturing,India,Hyderabad,12.0,2024-02-15,Paid Ads,898.2,11.0,44.0,21.0,11157.0,2557.0,0.0,,,Retained,
C1225,Diya Patel Industries,Logistics,India,Hyderabad,150.0,2023-08-14,Referral,129.36,10.0,171.0,104.0,23197.0,3609.7,4.0,6.25,39.7,Churned,Excellent (>4)
C1226,Ishaan Patel Industries,Education,India,Pune,12.0,2023-05-04,Events,246.76,4.0,159.0,94.0,31828.0,4647.5,1.0,9.0,10.9,Retained,Excellent (>4)
C1227,Karthik Das Industries,Healthcare,India,Chennai,35.0,2024-04-25,Paid Ads,698.6,6.0,32.0,20.0,5699.0,784.0,2.0,6.5,14.25,Churned,Excellent (>4)
C1228,Kiara Sharma Solutions,Logistics,India,Chennai,80.0,2023-12-08,Partner,230.84,3.0,16.0,5.0,6394.0,1897.8,3.0,4.666666666666667,28.666666666666668,Churned,Excellent (>4)
C1229,Farhan Verma Technologies,Media,UK,Manchester,150.0,2024-02-23,Organic Search,72.52,7.0,82.0,49.0,18424.0,2735.7,2.0,1.5,42.0,Retained,Low (≤2)
C1230,Ishaan Patel Industries,Retail,India,Hyderabad,12.0,2023-07-24,Partner,1009.04,14.0,87.0,44.0,15356.0,2902.1,3.0,6.666666666666667,21.233333333333334,Churned,Excellent (>4)
C1231,Aditya Patel Group,Logistics,USA,Austin,150.0,2023-12-09,Referral,246.76,4.0,200.0,104.0,10884.0,3253.0,2.0,5.5,27.2,Retained,Excellent (>4)
C1232,Rohan Bose Systems,Finance,UK,Manchester,3000.0,2024-10-14,Paid Ads,738.52,7.0,36.0,21.0,4919.0,1080.1,2.0,7.0,64.4,Retained,Excellent (>4)
C1233,Deepak Patel Labs,Manufacturing,UAE,Dubai,400.0,2024-08-17,Outbound,578.84,3.0,67.0,33.0,3449.0,1336.2,6.0,7.333333333333333,18.466666666666665,Retained,Excellent (>4)
C1234,Farhan Singh Industries,Manufacturing,UK,London,12.0,2023-05-15,Paid Ads,68.6,6.0,437.0,254.0,31970.0,5174.0,4.0,6.0,38.875,Retained,Excellent (>4)
C1235,Vivaan Bose Technologies,Healthcare,India,Mumbai,80.0,2024-06-05,Partner,68.6,6.0,23.0,9.0,6153.0,1659.6,4.0,5.5,40.074999999999996,Retained,Excellent (>4)
C1236,Saanvi Rao Industries,Education,UAE,Dubai,400.0,2023-03-15,Referral,72.52,7.0,33.0,21.0,1702.0,653.5,8.0,5.5,39.475,Churned,Excellent (>4)
C1237,Arun Rao Systems,Logistics,India,Pune,150.0,2024-07-20,Outbound,358.2,11.0,147.0,69.0,4833.0,1407.9,3.0,7.333333333333333,29.0,Retained,Excellent (>4)
C1238,Tara Gupta Technologies,Media,UK,Manchester,35.0,2023-05-23,Organic Search,88.2,11.0,138.0,74.0,15363.0,3540.7,2.0,4.0,64.1,Churned,Good (>3–4)
C1239,Pooja Nair Solutions,Manufacturing,UK,Manchester,150.0,2023-05-30,Events,1738.84,3.0,39.0,16.0,3607.0,753.3,5.0,6.4,34.019999999999996,Churned,Excellent (>4)
C1240,Aadhya Gupta Group,Finance,Singapore,Singapore,80.0,2025-01-12,Organic Search,64.68,5.0,0.0,0.0,0.0,0.0,2.0,5.5,48.05,Retained,Excellent (>4)
C1241,Rohan Iyer Group,Healthcare,India,Chennai,1200.0,2023-07-05,Paid Ads,2098.6,6.0,201.0,118.0,19031.0,2877.0,1.0,6.0,47.0,Churned,Excellent (>4)
C1242,Deepak Bose Group,Finance,India,Hyderabad,35.0,2024-11-12,Outbound,2648.88,16.0,7.0,3.0,2842.0,584.8,3.0,5.333333333333333,18.400000000000002,Churned,Excellent (>4)
C1243,Aditya Patel Solutions,Media,UAE,Dubai,150.0,2023-12-03,Paid Ads,64.68,5.0,247.0,146.0,5532.0,3747.0,2.0,5.0,43.4,Retained,Excellent (>4)
C1244,Myra Sharma Industries,Media,India,Delhi,150.0,2024-11-20,Referral,72.52,7.0,10.0,6.0,3173.0,382.8,2.0,5.0,30.8,Retained,Excellent (>4)
C1245,Aadhya Sharma Labs,Logistics,India,Pune,150.0,2024-12-08,Organic Search,84.28,10.0,8.0,6.0,515.0,135.0,7.0,5.142857142857143,33.42857142857143,Retained,Excellent (>4)
C1246,Aditya Sharma Group,Finance,UAE,Abu Dhabi,80.0,2024-02-13,Organic Search,618.76,4.0,212.0,150.0,14175.0,2650.9,2.0,7.5,45.400000000000006,Retained,Excellent (>4)
C1247,Karthik Sharma Technologies,Manufacturing,UK,Manchester,1200.0,2024-08-23,Partner,738.52,7.0,52.0,32.0,6475.0,1606.8,5.0,4.6,40.22,Retained,Excellent (>4)
C1248,Farhan Bose Solutions,Media,UAE,Abu Dhabi,400.0,2024-04-18,Paid Ads,738.52,7.0,118.0,78.0,4751.0,2053.2,2.0,5.5,30.099999999999998,Retained,Excellent (>4)
C1249,Ananya Singh Solutions,Manufacturing,USA,Boston,150.0,2023-04-12,Organic Search,698.6,6.0,287.0,148.0,28405.0,5274.0,4.0,5.5,35.65,Retained,Excellent (>4)
C1250,Sai Rao Industries,Finance,India,Hyderabad,1200.0,2024-01-20,Partner,1978.68,5.0,149.0,74.0,15122.0,3044.2,5.0,5.6,37.32000000000001,Retained,Excellent (>4)
C1251,Diya Khan Group,Logistics,Singapore,Singapore,80.0,2023-03-19,Paid Ads,818.36,9.0,173.0,102.0,21096.0,5475.3,3.0,5.0,42.56666666666666,Retained,Excellent (>4)
C1252,Meera Sharma Industries,Media,UK,Manchester,12.0,2023-07-22,Organic Search,2098.6,6.0,125.0,58.0,11778.0,2571.1,3.0,4.0,43.06666666666666,Churned,Good (>3–4)
C1253,Karthik Rao Solutions,Media,India,Hyderabad,35.0,2024-06-01,Organic Search,156.8,17.0,42.0,21.0,5143.0,1055.7,8.0,6.25,32.85,Churned,Excellent (>4)
C1254,Rohan Nair Technologies,Education,USA,Boston,35.0,2023-04-19,Organic Search,310.44,8.0,164.0,89.0,25481.0,4801.8,4.0,5.0,39.75,Retained,Excellent (>4)
C1255,Riya Joshi Labs,Healthcare,India,Mumbai,12.0,2024-10-25,Referral,310.44,8.0,3.0,0.0,1816.0,536.9,1.0,8.0,70.2,Churned,Excellent (>4)
C1256,Sai Gupta Technologies,Media,UK,London,35.0,2024-03-30,Events,1978.68,5.0,102.0,53.0,12317.0,2675.6,4.0,4.75,45.0,Retained,Excellent (>4)
C1257,Vihaan Patel Solutions,Manufacturing,India,Chennai,35.0,2023-11-18,Partner,1858.76,4.0,30.0,12.0,2143.0,519.1,5.0,5.2,28.160000000000004,Churned,Excellent (>4)
C1258,Myra Verma Technologies,Media,UK,Manchester,150.0,2024-02-27,Organic Search,658.68,5.0,12.0,3.0,5646.0,743.7,1.0,7.0,26.1,Churned,Excellent (>4)
C1259,Priya Reddy Systems,Manufacturing,India,Delhi,80.0,2024-10-31,Paid Ads,778.44,8.0,65.0,46.0,2354.0,845.8,1.0,6.0,27.6,Retained,Excellent (>4)
C1260,Meera Iyer Technologies,Finance,India,Bengaluru,80.0,2023-06-11,Referral,818.36,7.0,191.0,101.0,27285.0,5048.2,4.0,6.25,47.8,Retained,Excellent (>4)
C1261,Reyansh Menon Labs,Retail,India,Delhi,150.0,2024-03-07,Outbound,1978.68,5.0,57.0,31.0,8191.0,345.2,3.0,5.0,31.333333333333332,Churned,Excellent (>4)
C1262,Arun Joshi Group,Retail,UK,London,150.0,2024-04-09,Paid Ads,342.28,10.0,145.0,86.0,6602.0,2173.6,3.0,6.0,38.233333333333334,Retained,Excellent (>4)
C1263,Deepak Reddy Industries,Media,India,Bengaluru,80.0,2025-01-05,Paid Ads,2338.44,8.0,0.0,0.0,0.0,0.0,1.0,4.0,59.4,Retained,Good (>3–4)
C1264,Aarav Nair Solutions,Education,India,Mumbai,35.0,2024-07-05,Referral,698.6,6.0,120.0,58.0,5937.0,1495.0,5.0,6.4,29.339999999999996,Retained,Excellent (>4)
C1265,Aditya Reddy Solutions,Retail,UK,London,3000.0,2023-10-23,Events,294.52,7.0,63.0,34.0,12507.0,3705.8,4.0,3.25,45.25,Retained,Good (>3–4)
C1266,Arun Nair Systems,Education,UAE,Abu Dhabi,80.0,2023-07-04,Paid Ads,342.28,10.0,315.0,176.0,20437.0,4693.3,3.0,7.0,44.53333333333333,Retained,Excellent (>4)
C1267,Nikita Rao Industries,Retail,India,Hyderabad,150.0,2023-11-09,Organic Search,2098.6,6.0,39.0,22.0,3648.0,589.0,5.0,5.6,38.980000000000004,Churned,Excellent (>4)
C1268,Deepak Patel Industries,Healthcare,India,Delhi,1200.0,2023-08-21,Organic Search,80.36,9.0,248.0,145.0,15619.0,5012.1,1.0,9.0,16.2,Retained,Excellent (>4)
C1269,Aadhya Patel Solutions,Healthcare,India,Pune,80.0,2024-01-16,Organic Search,294.52,7.0,84.0,44.0,8242.0,2310.9,4.0,4.0,43.075,Churned,Good (>3–4)
C1270,Farhan Menon Group,Logistics,India,Mumbai,150.0,2024-06-22,Partner,294.52,7.0,114.0,69.0,7061.0,1771.6,3.0,4.333333333333333,30.23333333333333,Retained,Excellent (>4)
C1271,Myra Gupta Industries,Retail,India,Bengaluru,400.0,2024-12-11,Paid Ads,294.52,7.0,18.0,14.0,5502.0,424.2,1.0,6.0,4.1,Retained,Excellent (>4)
C1272,Pooja Joshi Industries,Finance,UK,London,80.0,2024-04-25,Paid Ads,2218.52,7.0,38.0,15.0,10902.0,2523.5,5.0,4.8,36.839999999999996,Retained,Excellent (>4)
C1273,Ananya Menon Systems,Manufacturing,India,Delhi,150.0,2023-03-25,Partner,818.36,9.0,175.0,83.0,33715.0,5628.7,2.0,4.5,61.1,Retained,Excellent (>4)
C1274,Aadhya Khan Systems,Finance,UAE,Abu Dhabi,80.0,2024-10-06,Events,342.28,10.0,31.0,9.0,1180.0,638.4000000000001,2.0,2.0,46.55,Churned,Low (≤2)
C1275,Nikita Verma Technologies,Logistics,UAE,Abu Dhabi,35.0,2023-09-06,Paid Ads,1499.0,1.0,139.0,91.0,11043.0,2475.4,2.0,7.0,21.65,Churned,Excellent (>4)
C1276,Myra Reddy Industries,Logistics,Singapore,Singapore,1200.0,2024-06-23,Unknown,246.76,4.0,55.0,31.0,4277.0,980.6,4.0,7.0,4.65,Churned,Excellent (>4)
C1277,Kiara Gupta Industries,Logistics,UAE,Dubai,3000.0,2023-01-19,Paid Ads,294.52,8.0,89.0,41.0,16519.0,3345.1,3.0,5.666666666666667,55.76666666666667,Churned,Excellent (>4)
C1278,Meera Sharma Industries,Media,UK,London,35.0,2024-02-14,Paid Ads,72.52,7.0,30.0,16.0,7009.0,1913.0,6.0,8.0,25.349999999999998,Churned,Excellent (>4)
C1279,Divya Verma Solutions,Finance,India,Pune,400.0,2024-06-19,Events,80.36,9.0,29.0,12.0,3445.0,1172.6,3.0,5.333333333333333,23.933333333333334,Churned,Excellent (>4)
C1280,Aman Patel Systems,Healthcare,Singapore,Singapore,80.0,2024-04-06,Organic Search,278.6,6.0,160.0,84.0,11578.0,2001.1,7.0,5.0,33.5,Retained,Excellent (>4)
C1281,Farhan Das Group,Finance,India,Mumbai,12.0,2024-05-17,Partner,2098.6,6.0,17.0,4.0,6342.0,1384.6,2.0,3.0,47.95,Churned,Moderate (>2–3)
C1282,Nikita Menon Solutions,Healthcare,USA,Boston,12.0,2024-12-03,Partner,1978.68,5.0,11.0,7.0,333.0,297.4,5.0,5.0,51.279999999999994,Retained,Excellent (>4)
C1283,Kiara Nair Industries,Healthcare,UAE,Dubai,12.0,2023-04-03,Paid Ads,84.28,10.0,109.0,48.0,33201.0,5185.6,1.0,3.0,44.2,Retained,Moderate (>2–3)
C1284,Zoya Das Group,Retail,India,Pune,400.0,2024-12-27,Organic Search,1978.68,5.0,23.0,16.0,567.0,301.8,3.0,4.333333333333333,40.96666666666667,Retained,Excellent (>4)
C1285,Isha Verma Solutions,Healthcare,UK,Manchester,400.0,2023-05-19,Partner,778.44,8.0,44.0,13.0,25716.0,5267.7,2.0,5.5,61.0,Retained,Excellent (>4)
C1286,Krishna Khan Solutions,Media,UK,Manchester,150.0,2023-10-27,Referral,326.36,9.0,108.0,64.0,15708.0,4471.4,1.0,7.0,1.7,Retained,Excellent (>4)
C1287,Farhan Nair Industries,Education,UK,Manchester,35.0,2023-09-09,Organic Search,230.84,3.0,35.0,9.0,9304.0,2185.2,4.0,4.25,49.175,Churned,Excellent (>4)
C1288,Kiara Das Labs,Retail,India,Bengaluru,400.0,2024-09-09,Organic Search,1618.92,2.0,65.0,37.0,4303.0,1241.9,1.0,9.0,16.5,Retained,Excellent (>4)
C1289,Karthik Patel Systems,Healthcare,India,Delhi,1200.0,2023-02-13,Events,262.68,5.0,99.0,53.0,18126.0,5878.4,2.0,5.0,35.85,Retained,Excellent (>4)
C1290,Riya Singh Systems,Manufacturing,UAE,Dubai,1200.0,2023-05-09,Referral,2578.28,10.0,429.0,263.0,19734.0,5312.5,4.0,7.25,24.025,Retained,Excellent (>4)
C1291,Diya Rao Systems,Retail,USA,Seattle,80.0,2024-11-30,Outbound,60.76,4.0,38.0,32.0,1083.0,559.7,4.0,7.75,18.25,Retained,Excellent (>4)
C1292,Divya Sharma Technologies,Healthcare,UAE,Dubai,3000.0,2024-06-08,Paid Ads,262.68,5.0,148.0,94.0,7588.0,1742.6,4.0,5.25,49.75,Retained,Excellent (>4)
C1293,Tara Joshi Systems,Education,USA,Boston,80.0,2024-06-01,Paid Ads,278.6,6.0,26.0,12.0,7099.0,1628.1000000000001,6.0,6.0,25.75,Retained,Excellent (>4)
C1294,Meera Singh Group,Education,India,Chennai,12.0,2023-07-24,Organic Search,358.2,11.0,54.0,32.0,5014.0,954.1,4.0,6.0,31.5,Churned,Excellent (>4)
C1295,Aman Joshi Group,Logistics,India,Bengaluru,80.0,2024-05-05,Outbound,278.6,6.0,34.0,19.0,10257.0,1979.5,0.0,,,Retained,
C1296,Saanvi Khan Group,Healthcare,India,Hyderabad,12.0,2023-02-12,Partner,658.68,5.0,270.0,167.0,35849.0,5533.3,4.0,7.25,21.525,Retained,Excellent (>4)
C1297,Naveen Sharma Technologies,Manufacturing,India,Bengaluru,1200.0,2023-09-16,Partner,698.6,6.0,249.0,129.0,21600.0,3892.8,5.0,5.6,21.32,Retained,Excellent (>4)
C1298,Riya Menon Systems,Media,Singapore,Singapore,35.0,2023-04-14,Paid Ads,56.84,3.0,86.0,52.0,33580.0,5773.7,4.0,6.5,28.75,Retained,Excellent (>4)
C1299,Rahul Iyer Group,Healthcare,UK,London,12.0,2023-08-23,Paid Ads,374.12,12.0,90.0,39.0,15257.0,4051.2,2.0,6.0,36.35,Retained,Excellent (>4)
C1300,Krishna Sharma Solutions,Retail,India,Hyderabad,150.0,2023-06-19,Paid Ads,278.6,6.0,380.0,229.0,34583.0,4866.2,3.0,6.666666666666667,46.93333333333334,Retained,Excellent (>4)
C1301,Sanjay Verma Industries,Logistics,UK,London,80.0,2023-02-23,Organic Search,230.84,3.0,11.0,2.0,6813.0,812.3000000000001,2.0,7.5,26.4,Churned,Excellent (>4)
C1302,Ishaan Singh Industries,Logistics,Singapore,Singapore,150.0,2024-05-13,Organic Search,778.44,8.0,77.0,50.0,8309.0,1825.5,3.0,4.333333333333333,48.800000000000004,Churned,Excellent (>4)
C1303,Farhan Khan Systems,Healthcare,India,Delhi,80.0,2023-08-15,Referral,72.52,7.0,114.0,56.0,25160.0,3768.5,7.0,4.857142857142857,39.785714285714285,Retained,Excellent (>4)
C1304,Karthik Sharma Group,Finance,UK,London,400.0,2023-10-18,Paid Ads,64.68,5.0,67.0,40.0,19245.0,3904.9,4.0,3.5,29.3,Retained,Good (>3–4)
C1305,Ananya Reddy Solutions,Manufacturing,UK,Manchester,400.0,2024-11-01,Organic Search,262.68,7.0,3.0,1.0,1195.0,452.9,5.0,4.4,34.04,Churned,Excellent (>4)
C1306,Ananya Nair Systems,Media,India,Pune,80.0,2024-06-24,Partner,72.52,7.0,58.0,25.0,1996.0,1819.7,3.0,7.0,53.53333333333334,Retained,Excellent (>4)
C1307,Rahul Reddy Technologies,Media,India,Delhi,35.0,2023-09-03,Partner,278.6,6.0,318.0,207.0,23183.0,3595.7,4.0,6.5,20.65,Retained,Excellent (>4)
C1308,Naveen Gupta Labs,Unknown,UK,Manchester,35.0,2024-07-25,Paid Ads,2458.36,9.0,20.0,9.0,8021.0,1899.9,1.0,6.0,33.5,Retained,Excellent (>4)
C1309,Diya Gupta Labs,Education,Singapore,Singapore,35.0,2023-02-06,Partner,80.36,9.0,183.0,107.0,29738.0,6219.4,3.0,7.333333333333333,25.96666666666667,Retained,Excellent (>4)
C1310,Riya Das Technologies,Logistics,UK,Manchester,3000.0,2024-08-25,Partner,778.44,8.0,45.0,20.0,13369.0,1260.3,3.0,4.666666666666667,46.133333333333326,Retained,Excellent (>4)
C1311,Kavya Rao Labs,Education,India,Chennai,80.0,2024-03-25,Partner,64.68,5.0,9.0,3.0,3374.0,688.5,1.0,6.0,32.0,Churned,Excellent (>4)
C1312,Saanvi Bose Labs,Logistics,Singapore,Singapore,150.0,2023-12-05,Outbound,326.36,9.0,61.0,27.0,15900.0,4051.4,5.0,5.2,30.96,Retained,Excellent (>4)
C1313,Krishna Joshi Solutions,Manufacturing,UK,Manchester,80.0,2023-06-30,Partner,1978.68,5.0,315.0,176.0,17519.0,5072.7,9.0,6.0,45.12222222222222,Retained,Excellent (>4)
C1314,Isha Joshi Industries,Healthcare,UK,London,150.0,2023-01-05,Paid Ads,310.44,8.0,328.0,181.0,27367.0,6332.6,2.0,6.0,23.799999999999997,Retained,Excellent (>4)
C1315,Arjun Das Solutions,Manufacturing,India,Pune,35.0,2024-07-13,Organic Search,52.92,2.0,92.0,54.0,7901.0,1652.9,1.0,6.0,26.9,Retained,Excellent (>4)
C1316,Deepak Reddy Group,Education,India,Pune,80.0,2023-08-28,Events,342.28,10.0,56.0,24.0,23575.0,4250.7,2.0,4.5,38.55,Retained,Excellent (>4)
C1317,Divya Patel Systems,Retail,India,Mumbai,80.0,2024-08-17,Outbound,326.36,9.0,29.0,15.0,6862.0,1219.8,4.0,4.75,34.85,Retained,Excellent (>4)
C1318,Vihaan Sharma Labs,Media,India,Mumbai,35.0,2023-09-28,Paid Ads,64.68,5.0,130.0,70.0,15540.0,4100.8,2.0,6.0,27.4,Retained,Excellent (>4)
C1319,Divya Bose Group,Finance,India,Delhi,35.0,2024-08-05,Organic Search,294.52,6.0,59.0,32.0,7850.0,1122.0,4.0,5.5,34.625,Retained,Excellent (>4)
C1320,Vihaan Nair Labs,Retail,India,Pune,1200.0,2024-05-16,Paid Ads,326.36,9.0,108.0,63.0,8942.0,1037.3,1.0,3.0,62.7,Churned,Moderate (>2–3)
C1321,Nikita Sharma Group,Logistics,UK,London,1200.0,2024-08-03,Paid Ads,68.6,6.0,58.0,34.0,6043.0,1281.7,5.0,4.6,29.96,Retained,Excellent (>4)
C1322,Arjun Khan Systems,Finance,India,Hyderabad,400.0,2023-09-12,Events,294.52,7.0,187.0,103.0,14926.0,3556.0,5.0,5.8,43.9,Retained,Excellent (>4)
C1323,Pooja Verma Labs,Manufacturing,Singapore,Singapore,12.0,2023-10-30,Paid Ads,68.6,6.0,119.0,71.0,25779.0,3884.7,4.0,7.0,52.625,Retained,Excellent (>4)
C1324,Karthik Reddy Technologies,Media,India,Bengaluru,400.0,2023-02-10,Referral,2458.36,9.0,464.0,281.0,27156.0,6137.2,4.0,4.75,19.3,Retained,Excellent (>4)
C1325,Ishaan Reddy Group,Healthcare,UK,London,3000.0,2023-05-09,Paid Ads,2338.44,8.0,91.0,48.0,20107.0,5372.2,4.0,5.0,62.10000000000001,Retained,Excellent (>4)
C1326,Naveen Sharma Labs,Manufacturing,UK,Manchester,80.0,2023-03-26,Organic Search,76.44,8.0,375.0,200.0,28413.0,5655.7,1.0,4.0,16.7,Retained,Good (>3–4)
C1327,Nikita Menon Group,Media,India,Chennai,1200.0,2023-01-09,Organic Search,2098.6,6.0,281.0,180.0,35133.0,6907.5,5.0,5.4,42.28,Retained,Excellent (>4)
C1328,Karthik Nair Labs,Media,USA,Austin,12.0,2023-05-26,Paid Ads,342.28,10.0,115.0,72.0,6444.0,2256.3,4.0,3.75,46.775,Churned,Good (>3–4)
C1329,Kavya Das Group,Finance,India,Mumbai,400.0,2024-06-11,Referral,76.44,8.0,23.0,8.0,12493.0,1366.4,3.0,4.333333333333333,25.933333333333334,Retained,Excellent (>4)
C1330,Ananya Sharma Group,Finance,USA,Austin,12.0,2023-05-14,Outbound,538.92,2.0,61.0,25.0,21236.0,5241.7,1.0,3.0,25.5,Retained,Moderate (>2–3)
C1331,Krishna Bose Industries,Finance,UAE,Abu Dhabi,150.0,2023-08-24,Events,310.44,8.0,162.0,87.0,11401.0,2798.7999999999997,2.0,5.5,21.5,Churned,Excellent (>4)
C1332,Diya Singh Labs,Finance,India,Chennai,35.0,2024-11-11,Events,618.76,4.0,47.0,19.0,3926.0,645.0999999999999,1.0,3.0,29.1,Retained,Moderate (>2–3)
C1333,Aditya Nair Systems,Healthcare,UK,London,12.0,2023-05-18,Referral,278.6,6.0,156.0,88.0,10453.0,2117.0,5.0,4.4,34.959999999999994,Churned,Excellent (>4)
C1334,Sai Menon Group,Manufacturing,India,Hyderabad,12.0,2025-01-02,Partner,1978.68,5.0,0.0,0.0,0.0,0.0,1.0,1.0,35.7,Retained,Low (≤2)
C1335,Karthik Rao Systems,Logistics,India,Chennai,1200.0,2023-08-16,Organic Search,778.44,8.0,371.0,225.0,32222.0,3873.7,4.0,4.75,40.825,Retained,Excellent (>4)
C1336,Sai Reddy Industries,Education,UAE,Abu Dhabi,150.0,2023-06-03,Partner,658.68,5.0,135.0,68.0,24018.0,4746.2,1.0,2.0,8.1,Retained,Low (≤2)
C1337,Rohan Patel Systems,Finance,USA,Seattle,400.0,2024-01-16,Organic Search,230.84,3.0,24.0,7.0,8117.0,2377.6,0.0,,,Churned,
C1338,Aadhya Singh Systems,Manufacturing,USA,Austin,150.0,2023-04-20,Referral,342.28,10.0,324.0,185.0,25562.0,4087.5,6.0,7.333333333333333,36.78333333333334,Retained,Excellent (>4)
C1339,Nikita Iyer Group,Education,UAE,Abu Dhabi,80.0,2023-02-23,Partner,278.6,6.0,199.0,117.0,39221.0,5427.7,5.0,4.0,38.08,Retained,Good (>3–4)
C1340,Zoya Joshi Technologies,Healthcare,India,Mumbai,400.0,2024-03-06,Referral,88.2,11.0,167.0,105.0,12606.0,2544.1,2.0,6.5,24.950000000000003,Retained,Excellent (>4)
C1341,Isha Singh Group,Healthcare,India,Delhi,150.0,2023-03-06,Paid Ads,2218.52,7.0,343.0,184.0,22093.0,5804.1,4.0,5.5,16.275,Retained,Excellent (>4)
C1342,Divya Joshi Systems,Healthcare,India,Pune,12.0,2023-05-29,Referral,76.44,8.0,133.0,75.0,30750.0,5193.0,4.0,6.5,18.1,Retained,Excellent (>4)
C1343,Isha Iyer Technologies,Manufacturing,USA,Boston,80.0,2024-12-12,Referral,72.52,7.0,6.0,2.0,646.0,216.6,0.0,,,Retained,
C1344,Naveen Verma Technologies,Finance,India,Pune,400.0,2023-08-31,Paid Ads,262.68,5.0,327.0,180.0,19815.0,4157.9,2.0,8.0,32.8,Retained,Excellent (>4)
C1345,Rahul Gupta Group,Retail,UAE,Abu Dhabi,150.0,2024-02-03,Paid Ads,294.52,5.0,260.0,129.0,7106.0,2910.7,2.0,7.5,11.8,Retained,Excellent (>4)
C1346,Krishna Sharma Group,Retail,UAE,Abu Dhabi,1200.0,2024-10-09,Partner,326.36,9.0,56.0,45.0,2600.0,650.0,6.0,6.0,39.699999999999996,Retained,Excellent (>4)
C1347,Deepak Khan Solutions,Manufacturing,India,Hyderabad,80.0,2023-11-03,Referral,72.52,7.0,260.0,134.0,19501.0,3277.2,0.0,,,Retained,
C1348,Aditya Menon Labs,Healthcare,USA,Boston,12.0,2023-11-16,Referral,618.76,4.0,91.0,48.0,17783.0,3216.3,3.0,5.666666666666667,24.0,Retained,Excellent (>4)
C1349,Krishna Joshi Systems,Finance,India,Chennai,80.0,2024-02-20,Referral,2458.36,9.0,77.0,45.0,13157.0,2811.2,3.0,5.333333333333333,40.833333333333336,Retained,Excellent (>4)
C1350,Deepak Gupta Labs,Education,India,Hyderabad,400.0,2023-07-28,Referral,1978.68,5.0,340.0,198.0,13178.0,5130.8,4.0,5.5,31.8,Retained,Excellent (>4)
C1351,Priya Gupta Systems,Retail,India,Pune,150.0,2023-04-17,Partner,76.44,8.0,100.0,50.0,25714.0,4817.0,5.0,5.4,34.18,Retained,Excellent (>4)
C1352,Aditya Patel Industries,Manufacturing,India,Hyderabad,1200.0,2024-03-14,Organic Search,2578.28,10.0,95.0,60.0,9294.0,2619.7,4.0,6.0,22.475,Retained,Excellent (>4)
C1353,Farhan Gupta Labs,Retail,UAE,Abu Dhabi,400.0,2025-01-05,Referral,68.6,6.0,0.0,0.0,0.0,0.0,2.0,6.5,39.5,Retained,Excellent (>4)
C1354,Vivaan Reddy Group,Retail,India,Delhi,35.0,2023-01-07,Referral,99.96,14.0,378.0,185.0,28945.0,5921.9,4.0,5.5,44.225,Retained,Excellent (>4)
C1355,Nikita Reddy Technologies,Finance,UK,Manchester,400.0,2024-10-08,Paid Ads,294.52,11.0,26.0,12.0,549.0,642.7,4.0,5.0,38.75,Churned,Excellent (>4)
C1356,Divya Joshi Industries,Retail,India,Pune,35.0,2024-02-20,Paid Ads,618.76,4.0,91.0,51.0,15046.0,2665.6,2.0,5.0,24.95,Retained,Excellent (>4)
C1357,Saanvi Menon Labs,Media,India,Mumbai,400.0,2023-01-20,Referral,262.68,5.0,233.0,134.0,27064.0,5955.8,3.0,6.333333333333333,33.233333333333334,Retained,Excellent (>4)
C1358,Diya Das Systems,Logistics,India,Pune,3000.0,2023-07-20,Paid Ads,64.68,5.0,179.0,92.0,15750.0,2483.7,4.0,6.0,18.85,Churned,Excellent (>4)
C1359,Aman Rao Group,Finance,India,Chennai,400.0,2025-01-24,Outbound,658.68,5.0,0.0,0.0,0.0,0.0,3.0,6.666666666666667,26.133333333333336,Retained,Excellent (>4)
C1360,Deepak Gupta Group,Education,India,Pune,12.0,2024-08-04,Referral,60.76,4.0,31.0,15.0,4024.0,1431.0,2.0,4.5,51.7,Retained,Excellent (>4)
C1361,Meera Khan Systems,Retail,USA,Boston,35.0,2024-10-27,Partner,658.68,5.0,57.0,21.0,2829.0,666.7,1.0,5.0,24.1,Retained,Excellent (>4)
C1362,Aditya Patel Solutions,Education,India,Mumbai,12.0,2023-03-31,Outbound,64.68,5.0,272.0,136.0,26479.0,5805.2,6.0,3.3333333333333335,51.15,Retained,Good (>3–4)
C1363,Pooja Gupta Group,Logistics,India,Pune,35.0,2024-08-10,Events,310.44,8.0,34.0,16.0,5301.0,1284.0,6.0,5.666666666666667,40.38333333333333,Retained,Excellent (>4)
C1364,Aarav Bose Labs,Manufacturing,India,Delhi,150.0,2023-12-01,Paid Ads,1978.68,5.0,159.0,78.0,8615.0,2988.5,4.0,4.5,32.0,Retained,Excellent (>4)
C1365,Diya Joshi Industries,Finance,India,Hyderabad,35.0,2024-06-26,Events,778.44,8.0,141.0,81.0,9231.0,2000.6,1.0,1.0,38.7,Retained,Low (≤2)
C1366,Kavya Verma Labs,Education,India,Chennai,35.0,2024-06-05,Partner,278.6,6.0,107.0,59.0,7097.0,2152.4,6.0,5.666666666666667,37.416666666666664,Retained,Excellent (>4)
C1367,Kiara Gupta Industries,Logistics,India,Delhi,400.0,2024-11-01,Paid Ads,76.44,8.0,30.0,19.0,1044.0,394.4,4.0,5.25,40.775,Churned,Excellent (>4)
C1368,Priya Singh Solutions,Healthcare,India,Chennai,12.0,2024-09-09,Organic Search,52.92,2.0,59.0,31.0,3218.0,802.4,3.0,7.333333333333333,20.46666666666667,Retained,Excellent (>4)
C1369,Meera Reddy Industries,Retail,USA,Seattle,80.0,2024-11-29,Referral,2098.6,6.0,39.0,27.0,1702.0,386.6,5.0,5.2,46.2,Retained,Excellent (>4)
C1370,Arun Joshi Group,Logistics,India,Pune,12.0,2023-11-03,Paid Ads,658.68,5.0,117.0,56.0,20215.0,3375.7,2.0,5.5,34.75,Retained,Excellent (>4)
C1371,Nikita Singh Technologies,Finance,India,Pune,400.0,2023-10-08,Organic Search,262.68,5.0,213.0,114.0,11450.0,3404.2,4.0,6.5,32.65,Retained,Excellent (>4)
C1372,Isha Joshi Group,Retail,India,Hyderabad,150.0,2024-07-15,Outbound,294.52,7.0,135.0,68.0,10411.0,1409.4,3.0,5.666666666666667,55.9,Retained,Excellent (>4)
C1373,Naveen Patel Group,Logistics,India,Pune,400.0,2023-09-20,Referral,60.76,4.0,259.0,145.0,17279.0,3595.6,1.0,5.0,60.5,Retained,Excellent (>4)
C1374,Ananya Joshi Industries,Finance,USA,Seattle,80.0,2023-12-11,Events,778.44,8.0,182.0,89.0,16074.0,2841.3,3.0,6.333333333333333,44.56666666666666,Retained,Excellent (>4)
C1375,Tara Bose Group,Healthcare,Singapore,Singapore,3000.0,2023-03-30,Paid Ads,68.6,6.0,65.0,32.0,14998.0,4614.0,4.0,4.75,36.575,Retained,Excellent (>4)
C1376,Vivaan Khan Systems,Media,India,Delhi,400.0,2023-06-29,Partner,310.44,8.0,390.0,237.0,18075.0,4472.3,1.0,7.0,23.1,Retained,Excellent (>4)
C1377,Zoya Bose Technologies,Logistics,Singapore,Singapore,35.0,2024-07-09,Organic Search,698.6,6.0,61.0,28.0,5568.0,918.5,5.0,6.2,39.239999999999995,Churned,Excellent (>4)
C1378,Sneha Reddy Solutions,Logistics,India,Bengaluru,80.0,2023-11-27,Outbound,383.20000000000005,12.0,23.0,7.0,12094.0,2126.9,4.0,3.0,53.199999999999996,Churned,Moderate (>2–3)
C1379,Pooja Rao Labs,Media,UK,Manchester,1200.0,2024-02-09,Referral,60.76,4.0,153.0,91.0,17385.0,2762.1,6.0,6.833333333333333,25.849999999999998,Retained,Excellent (>4)
C1380,Ishaan Reddy Labs,Media,Singapore,Singapore,80.0,2024-06-11,Partner,1618.92,2.0,98.0,56.0,4795.0,1041.8,4.0,6.25,32.65,Churned,Excellent (>4)
C1381,Diya Nair Systems,Media,USA,Seattle,150.0,2023-05-27,Paid Ads,2218.52,7.0,122.0,75.0,19174.0,3539.7,3.0,6.666666666666667,28.633333333333336,Churned,Excellent (>4)
C1382,Sai Singh Systems,Logistics,India,Pune,400.0,2024-09-25,Outbound,68.6,6.0,57.0,41.0,2293.0,824.7,1.0,8.0,11.9,Retained,Excellent (>4)
C1383,Myra Patel Solutions,Logistics,USA,Boston,12.0,2024-08-04,Partner,92.12,12.0,15.0,7.0,4430.0,1196.4,6.0,5.833333333333333,47.416666666666664,Retained,Excellent (>4)
C1384,Arjun Joshi Technologies,Finance,India,Pune,1200.0,2024-08-26,Organic Search,2098.6,6.0,61.0,37.0,10271.0,1455.2,3.0,7.0,13.9,Retained,Excellent (>4)
C1385,Vihaan Das Group,Logistics,India,Hyderabad,12.0,2024-11-14,Paid Ads,2218.52,7.0,3.0,1.0,3759.0,155.89999999999998,5.0,5.2,52.879999999999995,Churned,Excellent (>4)
C1386,Naveen Singh Technologies,Media,USA,Seattle,12.0,2023-01-21,Referral,72.52,7.0,383.0,202.0,37376.0,6491.4,6.0,5.333333333333333,39.43333333333333,Retained,Excellent (>4)
C1387,Arun Nair Solutions,Finance,India,Chennai,35.0,2024-03-20,Outbound,310.44,8.0,198.0,120.0,8754.0,2188.3,4.0,6.75,45.575,Retained,Excellent (>4)
C1388,Sai Bose Group,Retail,India,Mumbai,400.0,2023-06-08,Paid Ads,310.44,8.0,205.0,105.0,19246.0,4486.2,1.0,3.0,42.7,Retained,Moderate (>2–3)
C1389,Meera Sharma Industries,Education,UAE,Dubai,400.0,2024-01-01,Outbound,738.52,7.0,137.0,66.0,14494.0,2479.7,2.0,3.5,32.65,Retained,Good (>3–4)
C1390,Rahul Reddy Labs,Retail,UK,London,150.0,2024-03-01,Outbound,278.6,6.0,18.0,5.0,2927.0,1417.5,5.0,6.6,22.119999999999997,Churned,Excellent (>4)
C1391,Nikita Verma Industries,Logistics,India,Chennai,12.0,2023-11-11,Paid Ads,68.6,6.0,30.0,13.0,17849.0,3522.9,5.0,5.2,36.78,Retained,Excellent (>4)
C1392,Ananya Rao Industries,Media,UAE,Dubai,400.0,2023-04-08,Outbound,64.68,5.0,390.0,239.0,20619.0,4813.3,2.0,4.5,39.9,Retained,Excellent (>4)
C1393,Sneha Bose Technologies,Manufacturing,UAE,Dubai,35.0,2023-10-06,Outbound,278.6,6.0,335.0,183.0,12121.0,3897.7,3.0,6.333333333333333,36.0,Retained,Excellent (>4)
C1394,Sai Menon Group,Retail,Singapore,Singapore,12.0,2023-05-07,Partner,278.6,6.0,269.0,143.0,21963.0,4565.3,3.0,4.0,40.699999999999996,Retained,Good (>3–4)
C1395,Deepak Patel Labs,Education,Singapore,Singapore,12.0,2024-11-05,Paid Ads,3177.88,15.0,24.0,15.0,1661.0,515.4,5.0,5.6,32.739999999999995,Retained,Excellent (>4)
C1396,Sai Joshi Systems,Finance,India,Bengaluru,80.0,2023-12-18,Events,326.36,9.0,67.0,31.0,4077.0,1243.5,3.0,6.333333333333333,28.900000000000002,Churned,Excellent (>4)
C1397,Divya Reddy Group,Logistics,UAE,Dubai,80.0,2024-12-20,Paid Ads,938.12,12.0,13.0,8.0,16.0,317.7,3.0,6.333333333333333,23.433333333333337,Retained,Excellent (>4)
C1398,Zoya Rao Group,Healthcare,USA,Boston,3000.0,2024-01-21,Events,326.36,9.0,41.0,15.0,9588.0,1926.9,4.0,4.75,48.150000000000006,Churned,Excellent (>4)
C1399,Aman Patel Technologies,Healthcare,USA,Boston,80.0,2024-03-29,Paid Ads,658.68,5.0,82.0,54.0,6783.0,1484.0,1.0,4.0,57.6,Churned,Good (>3–4)
C1400,Arjun Bose Solutions,Education,India,Delhi,80.0,2024-10-18,Events,294.52,7.0,32.0,21.0,5950.0,891.9,2.0,8.0,53.55,Retained,Excellent (>4)
C1401,Naveen Gupta Solutions,Finance,India,Bengaluru,80.0,2024-03-15,Events,342.28,10.0,27.0,10.0,3975.0,2021.3,4.0,5.25,33.975,Churned,Excellent (>4)
C1402,Rohan Reddy Industries,Manufacturing,India,Chennai,35.0,2024-12-03,Partner,262.68,5.0,13.0,10.0,849.0,74.1,3.0,6.666666666666667,55.5,Churned,Excellent (>4)
C1403,Sai Khan Labs,Media,India,Chennai,35.0,2024-08-15,Organic Search,278.6,6.0,81.0,58.0,4055.0,1043.2,4.0,6.75,34.425,Retained,Excellent (>4)
C1404,Rahul Nair Labs,Logistics,India,Mumbai,35.0,2024-03-08,Partner,778.44,8.0,97.0,62.0,21353.0,2800.1,4.0,6.5,24.049999999999997,Retained,Excellent (>4)
C1405,Deepak Gupta Labs,Retail,India,Chennai,35.0,2024-04-08,Outbound,246.76,4.0,40.0,26.0,5040.0,1807.8,1.0,6.0,29.5,Churned,Excellent (>4)
C1406,Vihaan Joshi Group,Education,UK,London,35.0,2024-04-19,Organic Search,278.6,6.0,56.0,28.0,6046.0,2000.8,5.0,6.0,28.459999999999997,Retained,Excellent (>4)
C1407,Meera Gupta Labs,Logistics,India,Hyderabad,80.0,2024-10-23,Partner,738.52,7.0,58.0,37.0,5500.0,712.9,2.0,6.5,17.65,Retained,Excellent (>4)
C1408,Aarav Reddy Labs,Finance,India,Delhi,12.0,2023-10-21,Events,68.6,6.0,115.0,63.0,18026.0,3963.7,3.0,5.333333333333333,32.83333333333333,Retained,Excellent (>4)
C1409,Saanvi Iyer Industries,Unknown,USA,Boston,80.0,2023-05-22,Organic Search,68.6,6.0,77.0,46.0,6868.0,1414.0,2.0,8.5,6.1,Churned,Excellent (>4)
C1410,Isha Khan Technologies,Media,India,Hyderabad,12.0,2024-03-18,Organic Search,326.36,9.0,62.0,37.0,1973.0,835.7,2.0,5.0,35.2,Churned,Excellent (>4)
C1411,Saanvi Verma Technologies,Education,India,Chennai,150.0,2025-01-07,Organic Search,262.68,5.0,0.0,0.0,0.0,0.0,5.0,6.0,60.2,Retained,Excellent (>4)
C1412,Farhan Verma Solutions,Manufacturing,India,Delhi,1200.0,2024-05-15,Referral,2534.8,17.0,38.0,19.0,6903.0,1136.6,1.0,6.0,70.0,Churned,Excellent (>4)
C1413,Kiara Joshi Solutions,Finance,India,Bengaluru,80.0,2023-09-11,Organic Search,246.76,4.0,113.0,57.0,20979.0,3694.6,3.0,7.666666666666667,32.06666666666667,Retained,Excellent (>4)
C1414,Zoya Joshi Solutions,Education,UK,Manchester,150.0,2023-12-30,Referral,326.36,9.0,78.0,43.0,4052.0,1057.6,4.0,4.5,21.1,Churned,Excellent (>4)
C1415,Sneha Rao Group,Retail,Singapore,Singapore,12.0,2024-02-12,Events,778.44,8.0,92.0,51.0,16485.0,2493.7,3.0,4.333333333333333,41.800000000000004,Retained,Excellent (>4)
C1416,Sneha Sharma Systems,Healthcare,USA,Austin,400.0,2023-01-04,Partner,658.68,5.0,410.0,204.0,34294.0,6123.9,4.0,3.75,31.7,Retained,Good (>3–4)
C1417,Naveen Patel Technologies,Healthcare,India,Chennai,80.0,2023-04-07,Events,326.36,9.0,15.0,5.0,4770.0,308.5,4.0,5.0,43.974999999999994,Churned,Excellent (>4)
C1418,Naveen Patel Technologies,Manufacturing,India,Delhi,80.0,2023-12-17,Partner,326.36,9.0,96.0,55.0,16747.0,3222.6,1.0,2.0,55.7,Retained,Low (≤2)
C1419,Diya Nair Industries,Manufacturing,UK,London,150.0,2024-11-29,Organic Search,294.52,7.0,33.0,22.0,2478.0,372.9,1.0,8.0,49.8,Retained,Excellent (>4)
C1420,Arun Gupta Technologies,Healthcare,USA,Seattle,3000.0,2023-03-07,Organic Search,278.6,6.0,120.0,59.0,24182.0,4839.6,3.0,6.333333333333333,22.433333333333334,Retained,Excellent (>4)
