CustomerID,CompanyName,Industry,Country,City,EmployeeCount,SignupDate,AcquisitionChannel,Total_MRR,Average_MRR,Total_Seats,Subscription_Count,Total_Logins,Average_ActiveUsers,Total_APICalls,Total_SessionMinutes,Usage_Records,Ticket_Count,Average_ResolutionHours,Average_Satisfaction,Tenure_Months,Revenue_Per_Seat,Tickets_Per_Month,Usage_Trend,MRR_Outlier,Seats_Outlier,Login_Outlier,Tickets_Outlier
C1001,Ishaan Joshi Systems,Unknown,India,Hyderabad,80.0,2023-07-02,Paid Ads,278.6,278.6,6.0,1,148.0,4.5,10276.0,2241.4,16.0,4.0,38.675,6.5,34.03,46.43333333333334,0.11754334410813987,Decreasing,False,False,False,False
C1002,Tara Sharma Technologies,Finance,UK,London,12.0,2024-02-21,Referral,246.76,246.76,4.0,1,217.0,12.181818181818182,15512.0,3021.1,11.0,4.0,16.95,7.0,26.35,61.69,0.15180265654648956,Increasing,False,False,False,False
C1003,Zoya Das Systems,Finance,UAE,Dubai,1200.0,2023-09-12,Organic Search,278.6,278.6,6.0,1,187.0,7.25,19771.0,4734.2,16.0,3.0,39.06666666666666,3.0,31.67,46.43333333333334,0.09472687085569939,Decreasing,False,False,False,False
C1004,Diya Joshi Labs,Retail,UK,Manchester,400.0,2024-03-01,Partner,80.36,80.36,9.0,1,82.0,4.2,14012.0,2530.0,10.0,0.0,,,26.05,8.928888888888888,0.0,Increasing,False,False,False,False
C1005,Tara Joshi Systems,Logistics,UK,London,1200.0,2023-12-29,Outbound,618.76,618.76,4.0,1,133.0,4.6923076923076925,13232.0,2102.0,13.0,3.0,43.5,6.0,28.12,154.69,0.10668563300142248,Decreasing,False,False,False,False
C1006,Sanjay Reddy Labs,Manufacturing,India,Hyderabad,35.0,2024-09-15,Organic Search,1618.92,1618.92,2.0,1,86.0,12.75,8815.0,778.2,4.0,3.0,27.033333333333335,6.0,19.55,809.46,0.1534526854219949,Increasing,False,False,False,False
C1007,Sai Das Technologies,Logistics,India,Delhi,12.0,2023-03-26,Referral,658.68,658.68,5.0,1,117.0,2.909090909090909,25511.0,5778.9,22.0,2.0,16.35,8.5,37.25,131.736,0.053691275167785234,Decreasing,False,False,False,False
C1008,Nikita Gupta Solutions,Logistics,UAE,Abu Dhabi,400.0,2024-02-21,Paid Ads,818.36,818.36,9.0,1,155.0,9.454545454545455,23906.0,2882.3,11.0,2.0,36.3,7.5,26.35,90.92888888888889,0.07590132827324478,Increasing,False,False,False,False
C1009,Rohan Patel Technologies,Education,UAE,Abu Dhabi,3000.0,2023-07-27,Outbound,2098.6,2098.6,6.0,1,220.0,6.444444444444445,10535.0,4973.4,18.0,4.0,31.25,5.75,33.21,349.76666666666665,0.12044564890093346,Decreasing,True,False,False,False
C1010,Tara Iyer Labs,Manufacturing,India,Pune,12.0,2023-11-15,Partner,278.6,278.6,6.0,1,81.0,5.5,4316.0,1004.6,6.0,6.0,42.03333333333333,5.333333333333333,29.57,46.43333333333334,0.2029083530605343,Decreasing,False,False,False,False
C1011,Rohan Iyer Solutions,Retail,UAE,Dubai,400.0,2023-05-11,Organic Search,262.68,262.68,5.0,1,96.0,2.4,22182.0,5213.3,20.0,2.0,60.45,4.5,35.74,52.536,0.05595970900951315,Decreasing,False,False,False,False
C1012,Meera Patel Labs,Healthcare,UAE,Dubai,35.0,2023-02-15,Events,1978.68,1978.68,5.0,1,14.0,0.7,6827.0,1715.3,10.0,1.0,46.0,5.0,38.53,395.736,0.025953802232026993,Decreasing,True,False,False,False
C1013,Farhan Das Industries,Retail,UK,London,12.0,2024-12-10,Organic Search,1931.28,965.64,11.0,2,0.0,0.0,71.0,242.1,1.0,1.0,71.1,6.0,16.72,175.57090909090908,0.059808612440191394,Stable,True,False,False,False
C1014,Rahul Patel Industries,Media,India,Chennai,1200.0,2024-07-10,Partner,68.6,68.6,6.0,1,37.0,3.6666666666666665,9530.0,1674.5,6.0,2.0,37.05,6.0,21.75,11.433333333333332,0.09195402298850575,Increasing,False,False,False,False
C1015,Sanjay Gupta Industries,Finance,India,Mumbai,35.0,2024-01-15,Partner,246.76,246.76,4.0,1,61.0,2.8333333333333335,15818.0,3158.3,12.0,3.0,46.800000000000004,5.0,27.56,61.69,0.1088534107402032,Increasing,False,False,False,False
C1016,Diya Singh Industries,Media,UK,Manchester,35.0,2024-01-16,Paid Ads,978.04,978.04,13.0,1,38.0,1.25,6672.0,1720.7,12.0,4.0,38.9,6.5,27.53,75.23384615384614,0.1452960406828914,Increasing,False,False,False,False
C1017,Rahul Reddy Solutions,Unknown,USA,Seattle,12.0,2024-06-05,Paid Ads,60.76,60.76,4.0,1,24.0,1.8571428571428572,2822.0,1829.2,7.0,3.0,50.166666666666664,4.0,22.9,15.19,0.13100436681222707,Increasing,False,False,False,False
C1018,Myra Khan Systems,Finance,USA,Boston,150.0,2024-03-06,Referral,2098.6,2098.6,6.0,1,87.0,5.3,7947.0,2759.6,10.0,6.0,33.166666666666664,4.333333333333333,25.89,349.76666666666665,0.2317497103128621,Increasing,True,False,False,False
C1019,Deepak Nair Labs,Finance,Singapore,Singapore,150.0,2024-04-30,Outbound,326.36,326.36,9.0,1,149.0,8.11111111111111,8711.0,2472.2999999999997,9.0,2.0,28.05,5.5,24.08,36.26222222222222,0.08305647840531562,Increasing,False,False,False,False
C1020,Saanvi Menon Group,Retail,India,Chennai,400.0,2023-12-04,Referral,68.6,68.6,6.0,1,55.0,4.714285714285714,4663.0,1145.0,7.0,5.0,37.7,5.8,28.94,11.433333333333332,0.17277125086385625,Decreasing,False,False,False,False
C1021,Vivaan Singh Systems,Finance,USA,Seattle,35.0,2023-05-14,Organic Search,76.44,76.44,8.0,1,264.0,7.4,22493.0,4930.3,20.0,4.0,38.625,4.75,35.64,9.555,0.1122334455667789,Decreasing,False,False,False,False
C1022,Rahul Singh Technologies,Retail,USA,Boston,400.0,2023-09-26,Organic Search,64.68,64.68,5.0,1,44.0,1.0625,22354.0,3823.9,16.0,8.0,46.9625,6.125,31.21,12.936000000000002,0.25632809996795897,Decreasing,False,False,False,True
C1023,Meera Menon Industries,Media,USA,Boston,35.0,2024-08-02,Referral,778.44,778.44,8.0,1,14.0,0.8,7528.0,1362.1,5.0,5.0,39.28,5.8,20.99,97.305,0.23820867079561697,Increasing,False,False,False,False
C1024,Vivaan Verma Solutions,Retail,India,Bengaluru,12.0,2024-10-17,Paid Ads,246.76,246.76,4.0,1,47.0,7.333333333333333,1144.0,770.4000000000001,3.0,2.0,58.55,5.5,18.5,61.69,0.10810810810810811,Increasing,False,False,False,False
C1025,Diya Singh Labs,Manufacturing,USA,Seattle,1200.0,2023-04-22,Outbound,262.68,262.68,5.0,1,70.0,1.619047619047619,33541.0,5612.8,21.0,4.0,40.825,4.5,36.37,52.536,0.10998075336816059,Decreasing,False,False,False,False
C1026,Vivaan Singh Solutions,Manufacturing,India,Mumbai,12.0,2024-05-04,Organic Search,698.6,698.6,6.0,1,62.0,4.375,6120.0,1204.1,8.0,1.0,52.7,4.0,23.95,116.43333333333334,0.04175365344467641,Increasing,False,False,False,False
C1027,Vihaan Bose Group,Manufacturing,India,Bengaluru,3000.0,2023-05-06,Paid Ads,778.44,778.44,8.0,1,18.0,1.6666666666666667,2758.0,918.7,6.0,2.0,25.0,7.0,35.91,97.305,0.055694792536897804,Decreasing,False,False,False,False
C1028,Ananya Gupta Solutions,Manufacturing,India,Chennai,3000.0,2023-06-06,Partner,294.52,294.52,7.0,1,206.0,6.473684210526316,14811.0,3007.7,19.0,4.0,27.25,5.0,34.89,42.074285714285715,0.11464603038119806,Decreasing,False,False,False,False
C1029,Sai Khan Technologies,Manufacturing,India,Pune,3000.0,2024-01-20,Referral,698.6,698.6,6.0,1,81.0,2.9166666666666665,14593.0,3177.8,12.0,6.0,26.333333333333332,6.333333333333333,27.4,116.43333333333334,0.21897810218978103,Increasing,False,False,False,False
C1030,Rohan Bose Solutions,Finance,India,Delhi,1200.0,2023-04-24,Referral,2458.36,2458.36,9.0,1,396.0,11.0,16297.0,5676.0,21.0,2.0,37.099999999999994,6.0,36.3,273.1511111111111,0.05509641873278237,Decreasing,True,False,True,False
C1031,Isha Khan Technologies,Logistics,India,Bengaluru,400.0,2025-01-26,Organic Search,294.52,294.52,7.0,1,0.0,0.0,0.0,0.0,0.0,3.0,44.79999999999999,6.666666666666667,15.18,42.074285714285715,0.1976284584980237,No Usage Data,False,False,False,False
C1032,Naveen Menon Industries,Retail,India,Pune,1200.0,2025-01-09,Events,60.76,60.76,4.0,1,0.0,0.0,0.0,0.0,0.0,5.0,48.54,4.0,15.74,15.19,0.3176620076238882,No Usage Data,False,False,False,False
C1033,Arun Sharma Industries,Logistics,India,Delhi,35.0,2023-11-30,Paid Ads,342.28,342.28,10.0,1,146.0,6.642857142857143,18744.0,3730.3,14.0,5.0,54.220000000000006,5.4,29.07,34.227999999999994,0.1719986240110079,Decreasing,False,False,False,False
C1034,Sneha Rao Industries,Healthcare,India,Bengaluru,12.0,2025-01-26,Events,2578.28,2578.28,10.0,1,0.0,0.0,0.0,0.0,0.0,3.0,37.53333333333334,4.666666666666667,15.18,257.82800000000003,0.1976284584980237,No Usage Data,True,False,False,False
C1035,Arjun Gupta Industries,Unknown,Singapore,Singapore,80.0,2023-06-21,Outbound,1978.68,1978.68,5.0,1,171.0,5.105263157894737,28076.0,5400.6,19.0,7.0,35.285714285714285,5.571428571428571,34.4,395.736,0.20348837209302326,Decreasing,True,False,False,False
C1036,Krishna Sharma Solutions,Retail,India,Mumbai,1200.0,2023-08-24,Organic Search,80.36,80.36,9.0,1,168.0,6.0,31827.0,3956.6,17.0,6.0,32.26666666666667,5.833333333333333,32.29,8.928888888888888,0.18581604211830288,Decreasing,False,False,False,False
C1037,Diya Das Industries,Education,UAE,Abu Dhabi,150.0,2024-02-26,Partner,1978.68,1978.68,5.0,1,42.0,2.090909090909091,6623.0,1911.7,11.0,3.0,50.06666666666667,5.666666666666667,26.18,395.736,0.1145912910618793,Increasing,True,False,False,False
C1038,Sneha Menon Industries,Logistics,India,Hyderabad,35.0,2023-05-06,Outbound,246.76,246.76,4.0,1,71.0,2.7142857142857144,9156.0,1877.9,14.0,4.0,49.275,4.25,35.91,61.69,0.11138958507379561,Decreasing,False,False,False,False
C1039,Arjun Iyer Systems,Logistics,India,Chennai,12.0,2023-03-23,Referral,76.44,76.44,8.0,1,83.0,1.9090909090909092,27844.0,5371.4,22.0,2.0,11.65,6.5,37.35,9.555,0.0535475234270415,Decreasing,False,False,False,False
C1040,Reyansh Nair Labs,Retail,UK,London,12.0,2024-02-13,Paid Ads,326.36,326.36,9.0,1,92.0,4.545454545454546,17865.0,2545.6,11.0,4.0,42.3,5.75,26.61,36.26222222222222,0.1503194287861706,Increasing,False,False,False,False
C1041,Sanjay Khan Systems,Manufacturing,India,Pune,12.0,2023-12-30,Outbound,437.8,437.8,16.0,1,111.0,4.3076923076923075,17426.0,3163.5,13.0,2.0,34.5,5.5,28.09,27.3625,0.0711997152011392,Decreasing,False,True,False,False
C1042,Meera Iyer Industries,Finance,UK,London,35.0,2023-05-12,Paid Ads,60.76,60.76,4.0,1,311.0,9.15,33162.0,5197.9,20.0,3.0,23.7,6.0,35.71,15.19,0.08401008120974517,Decreasing,False,False,False,False
C1043,Aadhya Khan Systems,Manufacturing,USA,Seattle,35.0,2023-07-25,Paid Ads,698.6,698.6,6.0,1,173.0,5.5,13399.0,3300.2,18.0,2.0,16.1,4.0,33.28,116.43333333333334,0.06009615384615384,Decreasing,False,False,False,False
C1044,Krishna Bose Solutions,Retail,USA,Austin,400.0,2024-07-08,Paid Ads,246.76,246.76,4.0,1,78.0,6.833333333333333,4675.0,1085.2,6.0,3.0,19.233333333333334,5.0,21.81,61.69,0.13755158184319122,Increasing,False,False,False,False
C1045,Kavya Verma Solutions,Retail,USA,Austin,12.0,2024-06-10,Paid Ads,2578.28,2578.28,10.0,1,61.0,4.285714285714286,14787.0,1688.4,7.0,5.0,30.420000000000005,6.4,22.73,257.82800000000003,0.21997360316761988,Increasing,True,False,False,False
C1046,Tara Patel Industries,Retail,India,Chennai,12.0,2023-09-04,Organic Search,294.52,294.52,3.0,1,35.0,0.625,12343.0,2652.6,16.0,6.0,46.65,5.833333333333333,31.93,98.17333333333333,0.18791105543376135,Decreasing,False,False,False,False
C1047,Rohan Das Technologies,Media,India,Hyderabad,150.0,2024-06-01,Paid Ads,80.36,80.36,9.0,1,140.0,10.285714285714286,7995.0,1636.1999999999998,7.0,1.0,32.6,5.0,23.03,8.928888888888888,0.04342162396873643,Increasing,False,False,False,False
C1048,Aman Singh Labs,Finance,India,Mumbai,80.0,2023-07-25,Paid Ads,658.68,658.68,5.0,1,62.0,1.6111111111111112,28335.0,3478.9,18.0,3.0,27.7,5.0,33.28,131.736,0.09014423076923077,Decreasing,False,False,False,False
C1049,Farhan Gupta Labs,Education,USA,Boston,12.0,2024-10-06,Organic Search,4676.88,2338.44,16.0,2,32.0,6.0,5258.0,685.9000000000001,3.0,7.0,19.37142857142857,6.714285714285714,18.86,292.305,0.3711558854718982,Increasing,True,True,False,False
C1050,Arun Khan Solutions,Retail,UAE,Abu Dhabi,150.0,2023-07-09,Organic Search,1825.3600000000001,912.6800000000001,10.0,2,101.0,4.636363636363637,7638.0,2242.5,11.0,3.0,20.6,6.0,33.8,182.536,0.08875739644970415,Decreasing,True,False,False,False
C1051,Priya Gupta Labs,Manufacturing,Singapore,Singapore,400.0,2024-08-01,Partner,262.68,262.68,5.0,1,92.0,10.4,4768.0,1286.3,5.0,5.0,29.540000000000003,7.2,21.02,52.536,0.23786869647954328,Increasing,False,False,False,False
C1052,Aadhya Reddy Labs,Finance,USA,Austin,150.0,2024-05-10,Organic Search,390.04,390.04,13.0,1,92.0,7.375,10723.0,2131.9,8.0,4.0,31.1,5.25,23.75,30.003076923076925,0.16842105263157894,Increasing,False,False,False,False
C1053,Sanjay Joshi Group,Finance,UK,London,1200.0,2023-05-25,Partner,310.44,310.44,8.0,1,84.0,2.8666666666666667,8093.0,2017.3999999999999,15.0,2.0,41.15,6.5,35.28,38.805,0.056689342403628114,Decreasing,False,False,False,False
C1054,Arjun Bose Group,Manufacturing,India,Chennai,80.0,2024-11-14,Paid Ads,818.36,818.36,9.0,1,14.0,4.5,4910.0,824.9,2.0,3.0,40.5,5.333333333333333,17.58,90.92888888888889,0.17064846416382254,Increasing,False,False,False,False
C1055,Arun Rao Technologies,Education,UK,Manchester,12.0,2023-03-25,Referral,68.6,68.6,6.0,1,134.0,3.5555555555555554,20493.0,2621.9,18.0,3.0,28.366666666666664,6.0,37.29,11.433333333333332,0.08045052292839903,Decreasing,False,False,False,False
C1056,Kavya Rao Systems,Healthcare,India,Pune,80.0,2024-07-30,Events,658.68,658.68,5.0,1,14.0,1.0,14097.0,1681.6999999999998,6.0,4.0,36.875,4.5,21.09,131.736,0.1896633475580844,Increasing,False,False,False,False
C1057,Reyansh Joshi Industries,Media,India,Delhi,1200.0,2023-11-12,Referral,76.44,76.44,8.0,1,260.0,9.714285714285714,14388.0,3077.1,14.0,1.0,2.8,9.0,29.66,9.555,0.033715441672285906,Increasing,False,False,False,False
C1058,Riya Das Labs,Healthcare,India,Chennai,12.0,2024-08-27,Referral,64.68,64.68,5.0,1,45.0,4.6,4003.0,724.0,5.0,1.0,4.0,9.0,20.17,12.936000000000002,0.04957858205255329,Increasing,False,False,False,False
C1059,Myra Verma Labs,Media,Singapore,Singapore,80.0,2024-07-16,Organic Search,658.68,658.68,5.0,1,113.0,11.833333333333334,4999.0,1587.3,6.0,2.0,24.700000000000003,6.5,21.55,131.736,0.09280742459396751,Increasing,False,False,False,False
C1060,Aarav Reddy Systems,Media,UK,London,150.0,2023-07-09,Organic Search,80.36,80.36,9.0,1,385.0,12.444444444444445,31791.0,4374.7,18.0,2.0,57.1,5.5,33.8,8.928888888888888,0.0591715976331361,Decreasing,False,False,True,False
C1061,Isha Gupta Group,Finance,USA,Boston,150.0,2023-06-02,Paid Ads,310.44,310.44,8.0,1,266.0,8.31578947368421,16514.0,5155.2,19.0,2.0,37.45,6.5,35.02,38.805,0.05711022272986864,Decreasing,False,False,False,False
C1062,Kavya Das Solutions,Manufacturing,India,Mumbai,3000.0,2023-06-02,Paid Ads,358.2,358.2,11.0,1,6.0,0.6666666666666666,2946.0,438.0,3.0,2.0,42.9,5.0,35.02,32.56363636363636,0.05711022272986864,Decreasing,False,False,False,False
C1063,Rahul Menon Systems,Logistics,USA,Austin,12.0,2023-06-09,Events,56.84,56.84,3.0,1,52.0,2.5,12377.0,1460.6,10.0,4.0,43.95,4.75,34.79,18.94666666666667,0.11497556769186548,Decreasing,False,False,False,False
C1064,Riya Sharma Technologies,Logistics,India,Chennai,35.0,2024-03-21,Paid Ads,68.6,68.6,6.0,1,88.0,3.9,16026.0,2546.0,10.0,1.0,22.1,8.0,25.39,11.433333333333332,0.03938558487593541,Increasing,False,False,False,False
C1065,Priya Verma Systems,Education,India,Chennai,3000.0,2023-10-25,Organic Search,898.2,898.2,11.0,1,90.0,3.1333333333333333,19830.0,4097.7,15.0,4.0,32.825,6.25,30.26,81.65454545454546,0.13218770654329146,Decreasing,False,False,False,False
C1066,Ishaan Reddy Solutions,Education,UK,Manchester,80.0,2024-07-18,Organic Search,88.2,88.2,11.0,1,32.0,2.6666666666666665,8966.0,1407.7,6.0,3.0,46.63333333333333,3.3333333333333335,21.48,8.018181818181818,0.13966480446927373,Increasing,False,False,False,False
C1067,Tara Khan Group,Logistics,India,Delhi,80.0,2024-02-10,Partner,326.36,326.36,9.0,1,139.0,7.545454545454546,23539.0,2360.9,11.0,6.0,48.083333333333336,5.833333333333333,26.71,36.26222222222222,0.22463496817671283,Increasing,False,False,False,False
C1068,Ananya Gupta Industries,Healthcare,USA,Seattle,150.0,2024-11-04,Organic Search,262.68,262.68,5.0,1,5.0,0.5,1291.0,625.5999999999999,2.0,2.0,50.6,5.5,17.9,52.536,0.111731843575419,Increasing,False,False,False,False
C1069,Aadhya Joshi Systems,Logistics,India,Hyderabad,35.0,2023-08-15,Partner,80.36,80.36,9.0,1,262.0,8.294117647058824,17132.0,4548.9,17.0,2.0,9.05,7.5,32.59,8.928888888888888,0.061368517950291496,Decreasing,False,False,False,False
C1070,Kiara Das Solutions,Manufacturing,UK,Manchester,35.0,2025-01-25,Organic Search,64.68,64.68,5.0,1,0.0,0.0,0.0,0.0,0.0,3.0,11.933333333333332,7.0,15.21,12.936000000000002,0.1972386587771203,No Usage Data,False,False,False,False
C1071,Arjun Patel Labs,Education,USA,Austin,35.0,2024-09-11,Organic Search,326.36,326.36,9.0,1,82.0,10.25,7361.0,969.3,4.0,4.0,38.45,6.0,19.68,36.26222222222222,0.2032520325203252,Increasing,False,False,False,False
C1072,Rohan Gupta Technologies,Media,India,Pune,400.0,2023-04-22,Paid Ads,278.6,278.6,6.0,1,368.0,10.047619047619047,45924.0,4879.2,21.0,8.0,38.4875,5.75,36.37,46.43333333333334,0.21996150673632117,Decreasing,False,False,True,True
C1073,Vivaan Menon Group,Logistics,UK,London,80.0,2023-08-20,Partner,84.28,84.28,10.0,1,150.0,5.0588235294117645,29996.0,4698.9,17.0,4.0,47.4,3.25,32.42,8.428,0.12338062924120913,Decreasing,False,False,False,False
C1074,Priya Khan Group,Finance,UK,London,1200.0,2024-10-11,Referral,294.52,294.52,7.0,1,22.0,4.0,3339.0,647.0,3.0,5.0,44.6,4.4,18.69,42.074285714285715,0.26752273943285176,Increasing,False,False,False,False
C1075,Ishaan Khan Industries,Healthcare,India,Pune,35.0,2024-05-01,Organic Search,738.52,738.52,7.0,1,39.0,2.75,12737.0,2030.6,8.0,5.0,26.360000000000003,6.6,24.05,105.50285714285714,0.20790020790020788,Increasing,False,False,False,False
C1076,Arun Khan Labs,Education,India,Chennai,400.0,2024-05-26,Organic Search,2542.6400000000003,1271.3200000000002,19.0,2,97.0,5.75,3740.0,1196.6,8.0,3.0,45.56666666666666,4.0,23.23,133.82315789473685,0.12914334911752046,Increasing,True,True,False,False
C1077,Krishna Nair Industries,Retail,USA,Austin,1200.0,2024-03-10,Paid Ads,80.36,80.36,9.0,1,64.0,3.5,21829.0,2317.6,10.0,4.0,22.175,7.5,25.76,8.928888888888888,0.15527950310559005,Increasing,False,False,False,False
C1078,Rohan Patel Group,Media,India,Chennai,12.0,2024-03-09,Organic Search,76.44,76.44,8.0,1,32.0,1.3,12136.0,2280.5,10.0,8.0,25.3875,6.0,25.79,9.555,0.31019775106630476,Increasing,False,False,False,True
C1079,Arun Rao Industries,Education,USA,Austin,150.0,2024-07-30,Organic Search,778.44,778.44,8.0,1,73.0,7.166666666666667,8715.0,1308.6,6.0,5.0,22.240000000000002,7.2,21.09,97.305,0.2370791844476055,Increasing,False,False,False,False
C1080,Rohan Sharma Group,Media,India,Bengaluru,35.0,2024-05-05,Partner,310.44,310.44,8.0,1,29.0,1.75,11010.0,1817.1999999999998,8.0,2.0,19.0,5.5,23.92,38.805,0.08361204013377926,Increasing,False,False,False,False
C1081,Ananya Nair Group,Logistics,USA,Austin,12.0,2024-04-01,Outbound,64.68,64.68,5.0,1,21.0,0.8888888888888888,6779.0,2164.7,9.0,3.0,47.53333333333333,6.666666666666667,25.03,12.936000000000002,0.11985617259288853,Increasing,False,False,False,False
C1082,Aadhya Nair Systems,Finance,India,Delhi,35.0,2024-06-06,Paid Ads,294.52,294.52,7.0,1,92.0,5.857142857142857,8629.0,1994.1,7.0,6.0,51.81666666666666,4.333333333333333,22.86,42.074285714285715,0.26246719160104987,Increasing,False,False,False,False
C1083,Deepak Das Group,Retail,India,Mumbai,1200.0,2024-03-01,Organic Search,80.36,80.36,9.0,1,63.0,3.1,21976.0,2616.3,10.0,1.0,69.2,5.0,26.05,8.928888888888888,0.03838771593090211,Increasing,False,False,False,False
C1084,Meera Patel Industries,Finance,Singapore,Singapore,35.0,2025-01-17,Organic Search,294.52,294.52,7.0,1,0.0,0.0,0.0,0.0,0.0,5.0,19.22,6.6,15.47,42.074285714285715,0.3232062055591467,No Usage Data,False,False,False,False
C1085,Aditya Reddy Group,Logistics,Singapore,Singapore,12.0,2023-06-17,Partner,618.76,618.76,4.0,1,109.0,7.5,5745.0,1269.1000000000001,8.0,2.0,6.95,8.0,34.53,154.69,0.057920648711265565,Decreasing,False,False,False,False
C1086,Karthik Sharma Systems,Media,USA,Boston,400.0,2023-04-29,Organic Search,818.36,818.36,9.0,1,46.0,1.0,24023.0,5188.8,21.0,2.0,51.25,2.5,36.14,90.92888888888889,0.05534034311012728,Decreasing,False,False,False,False
C1087,Diya Iyer Labs,Retail,India,Mumbai,12.0,2024-11-03,Outbound,60.76,60.76,4.0,1,10.0,3.0,4931.0,369.0,2.0,4.0,51.0,5.75,17.94,15.19,0.22296544035674468,Increasing,False,False,False,False
C1088,Reyansh Das Technologies,Healthcare,UAE,Dubai,12.0,2023-06-30,Events,310.44,310.44,8.0,1,65.0,1.631578947368421,25835.0,4372.1,19.0,3.0,46.4,6.333333333333333,34.1,38.805,0.0879765395894428,Decreasing,False,False,False,False
C1089,Reyansh Bose Solutions,Manufacturing,UK,London,150.0,2024-05-27,Organic Search,294.52,294.52,9.0,1,22.0,1.125,9825.0,2563.9,8.0,4.0,52.925,7.5,23.19,32.724444444444444,0.17248814144027597,Increasing,False,False,False,False
C1090,Aarav Menon Group,Manufacturing,Singapore,Singapore,150.0,2024-10-05,Partner,326.36,326.36,9.0,1,9.0,1.3333333333333333,2140.0,551.8,3.0,3.0,30.566666666666666,6.333333333333333,18.89,36.26222222222222,0.15881418740074113,Increasing,False,False,False,False
C1091,Myra Nair Solutions,Finance,India,Bengaluru,35.0,2024-11-17,Events,618.76,618.76,4.0,1,13.0,3.0,1649.0,739.0999999999999,2.0,3.0,51.166666666666664,1.0,17.48,154.69,0.17162471395881007,Increasing,False,False,False,False
C1092,Aman Sharma Solutions,Retail,India,Delhi,150.0,2024-12-05,Organic Search,68.6,68.6,6.0,1,7.0,2.0,3097.0,221.8,1.0,2.0,40.55,4.5,16.89,11.433333333333332,0.11841326228537596,Increasing,False,False,False,False
C1093,Aarav Joshi Technologies,Retail,India,Mumbai,400.0,2023-05-28,Organic Search,658.68,658.68,5.0,1,263.0,7.95,32589.0,5688.2,20.0,5.0,22.14,5.4,35.18,131.736,0.14212620807276863,Decreasing,False,False,False,False
C1094,Isha Nair Solutions,Retail,USA,Seattle,80.0,2023-03-05,Referral,1858.76,1858.76,4.0,1,377.0,9.363636363636363,34990.0,5469.5,22.0,2.0,25.799999999999997,5.0,37.94,464.69,0.05271481286241434,Decreasing,True,False,True,False
C1095,Aarav Das Industries,Logistics,Singapore,Singapore,400.0,2023-02-13,Partner,72.52,72.52,7.0,1,170.0,4.0,25465.0,5224.7,23.0,2.0,50.900000000000006,2.0,38.6,10.36,0.05181347150259067,Decreasing,False,False,False,False
C1096,Deepak Gupta Labs,Finance,USA,Boston,150.0,2024-03-07,Organic Search,310.44,310.44,8.0,1,151.0,7.5,14710.0,2549.2,10.0,5.0,22.48,6.4,25.85,38.805,0.19342359767891681,Increasing,False,False,False,False
C1097,Diya Gupta Industries,Logistics,USA,Boston,1200.0,2024-12-24,Paid Ads,68.6,68.6,6.0,1,4.0,2.0,142.0,350.7,1.0,5.0,31.339999999999996,7.0,16.26,11.433333333333332,0.30750307503075025,Increasing,False,False,False,False
C1098,Myra Nair Systems,Logistics,UK,London,12.0,2024-04-24,Organic Search,818.36,818.36,9.0,1,78.0,4.222222222222222,10967.0,2559.7,9.0,3.0,30.46666666666667,5.0,24.28,90.92888888888889,0.12355848434925865,Increasing,False,False,False,False
C1099,Ishaan Patel Group,Logistics,India,Mumbai,1200.0,2023-02-17,Paid Ads,88.2,88.2,11.0,1,69.0,2.5384615384615383,9438.0,1938.2,13.0,3.0,6.166666666666667,6.333333333333333,38.47,8.018181818181818,0.07798284377436965,Decreasing,False,False,False,False
C1100,Priya Gupta Solutions,Healthcare,UAE,Abu Dhabi,80.0,2024-07-27,Partner,2098.6,2098.6,6.0,1,99.0,8.333333333333334,4439.0,1477.6,6.0,2.0,37.6,4.5,21.19,349.76666666666665,0.09438414346389806,Increasing,True,False,False,False
C1101,Zoya Bose Industries,Finance,UK,London,400.0,2023-02-24,Outbound,294.52,294.52,7.0,1,166.0,3.739130434782609,20407.0,5621.4,23.0,2.0,44.1,4.0,38.24,42.074285714285715,0.05230125523012552,Decreasing,False,False,False,False
C1102,Deepak Iyer Solutions,Retail,India,Delhi,150.0,2023-03-18,Paid Ads,2218.52,2218.52,7.0,1,329.0,8.227272727272727,27520.0,5287.599999999999,22.0,2.0,22.400000000000002,6.5,37.52,316.93142857142857,0.053304904051172705,Decreasing,True,False,False,False
C1103,Pooja Menon Group,Retail,India,Mumbai,1200.0,2023-07-30,Unknown,3057.96,3057.96,14.0,1,205.0,7.055555555555555,19629.0,4535.4,18.0,2.0,45.45,5.0,33.11,218.4257142857143,0.06040471156750227,Decreasing,True,False,False,False
C1104,Farhan Iyer Group,Finance,Singapore,Singapore,12.0,2024-10-10,Events,72.52,72.52,7.0,1,14.0,2.0,3179.0,731.8,3.0,1.0,68.5,2.0,18.73,10.36,0.05339028296849973,Increasing,False,False,False,False
C1105,Riya Gupta Labs,Media,India,Bengaluru,12.0,2023-01-30,Organic Search,698.6,698.6,6.0,1,218.0,5.0,40850.0,6135.1,24.0,2.0,32.0,6.5,39.06,116.43333333333334,0.05120327700972862,Decreasing,False,False,False,False
C1106,Ananya Singh Group,Logistics,Singapore,Singapore,80.0,2024-09-29,Referral,199.0,199.0,1.0,1,19.0,2.75,5248.0,1062.8000000000002,4.0,3.0,21.0,4.333333333333333,19.09,199.0,0.1571503404924044,Increasing,False,False,False,False
C1107,Isha Nair Technologies,Retail,India,Pune,3000.0,2023-12-07,Partner,64.68,64.68,5.0,1,131.0,5.230769230769231,9557.0,1669.5,13.0,4.0,34.625,4.75,28.84,12.936000000000002,0.13869625520110956,Decreasing,False,False,False,False
C1108,Saanvi Joshi Systems,Unknown,Singapore,Singapore,150.0,2023-01-14,Paid Ads,68.6,68.6,6.0,1,319.0,8.125,14818.0,5954.4,24.0,2.0,32.05,8.5,39.59,11.433333333333332,0.05051780752715332,Decreasing,False,False,False,False
C1109,Kiara Verma Industries,Retail,UAE,Dubai,80.0,2023-02-19,Organic Search,262.68,262.68,5.0,1,397.0,9.478260869565217,22170.0,5452.4,23.0,6.0,57.800000000000004,6.166666666666667,38.4,52.536,0.15625,Decreasing,False,False,True,False
C1110,Tara Sharma Solutions,Media,UK,Manchester,35.0,2024-07-30,Outbound,294.52,294.52,7.0,1,70.0,6.166666666666667,7955.0,1803.8,6.0,1.0,11.2,7.0,21.09,42.074285714285715,0.0474158368895211,Increasing,False,False,False,False
C1111,Priya Khan Industries,Unknown,UAE,Abu Dhabi,35.0,2024-06-30,Organic Search,658.68,658.68,5.0,1,97.0,8.142857142857142,13354.0,2055.6,7.0,6.0,35.766666666666666,5.166666666666667,22.08,131.736,0.27173913043478265,Increasing,False,False,False,False
C1112,Aarav Singh Labs,Education,UK,London,1200.0,2023-07-25,Partner,72.52,72.52,7.0,1,197.0,7.1875,12639.0,2097.6,16.0,7.0,27.97142857142857,6.0,33.28,10.36,0.21033653846153846,Decreasing,False,False,False,False
C1113,Riya Iyer Technologies,Healthcare,India,Chennai,12.0,2024-09-12,Outbound,2578.28,2578.28,10.0,1,75.0,14.5,5941.0,898.3,4.0,5.0,42.620000000000005,5.0,19.65,257.82800000000003,0.2544529262086514,Increasing,True,False,False,False
C1114,Aadhya Das Industries,Manufacturing,USA,Boston,35.0,2024-11-26,Outbound,80.36,80.36,9.0,1,43.0,13.5,7252.0,711.9,2.0,2.0,54.7,4.5,17.18,8.928888888888888,0.11641443538998836,Increasing,False,False,False,False
C1115,Rahul Rao Labs,Finance,UAE,Dubai,12.0,2024-09-16,Partner,88.2,88.2,11.0,1,32.0,2.75,4271.0,925.6999999999999,4.0,5.0,39.64,6.0,19.51,8.018181818181818,0.2562788313685289,Increasing,False,False,False,False
C1116,Isha Gupta Group,Finance,India,Mumbai,35.0,2024-12-01,Partner,80.36,80.36,9.0,1,3.0,2.0,1626.0,206.0,1.0,5.0,34.059999999999995,5.2,17.02,8.928888888888888,0.2937720329024677,Increasing,False,False,False,False
C1117,Arun Gupta Labs,Education,UAE,Abu Dhabi,400.0,2024-01-27,Events,738.52,738.52,7.0,1,21.0,5.0,1511.0,839.0999999999999,3.0,3.0,27.03333333333333,4.666666666666667,27.17,105.50285714285714,0.1104158998895841,Decreasing,False,False,False,False
C1118,Ishaan Reddy Group,Education,UAE,Abu Dhabi,400.0,2024-07-17,Events,278.6,278.6,6.0,1,25.0,1.5,2732.0,1294.8,6.0,1.0,27.8,2.0,21.52,46.43333333333334,0.04646840148698885,Increasing,False,False,False,False
C1119,Deepak Verma Systems,Logistics,India,Bengaluru,80.0,2023-07-29,Referral,72.52,72.52,7.0,1,143.0,4.333333333333333,31571.0,4465.8,18.0,3.0,44.76666666666667,7.333333333333333,33.15,10.36,0.09049773755656108,Decreasing,False,False,False,False
C1120,Pooja Rao Solutions,Manufacturing,UAE,Abu Dhabi,80.0,2024-06-20,Outbound,310.44,310.44,8.0,1,53.0,4.428571428571429,6893.0,2091.4,7.0,2.0,52.349999999999994,5.0,22.4,38.805,0.08928571428571429,Increasing,False,False,False,False
C1121,Ishaan Singh Group,Logistics,India,Mumbai,1200.0,2023-04-13,Events,1858.76,1858.76,4.0,1,361.0,9.047619047619047,16589.0,5596.4,21.0,3.0,32.800000000000004,6.0,36.66,464.69,0.08183306055646482,Decreasing,True,False,True,False
C1122,Aarav Gupta Technologies,Logistics,India,Bengaluru,12.0,2024-04-06,Referral,310.44,310.44,8.0,1,51.0,3.25,11495.0,1316.7,8.0,3.0,33.86666666666667,5.0,24.87,38.805,0.12062726176115801,Increasing,False,False,False,False
C1123,Vihaan Joshi Solutions,Manufacturing,India,Mumbai,400.0,2024-05-09,Outbound,92.12,92.12,12.0,1,103.0,8.0,8648.0,2245.8,8.0,5.0,31.339999999999996,5.0,23.78,7.676666666666667,0.21026072329688814,Increasing,False,False,False,False
C1124,Krishna Sharma Systems,Manufacturing,UK,Manchester,150.0,2024-08-09,Partner,278.6,278.6,6.0,1,27.0,3.2,5295.0,1553.3,5.0,1.0,4.9,6.0,20.76,46.43333333333334,0.048169556840077066,Increasing,False,False,False,False
C1125,Kiara Verma Systems,Media,UK,London,12.0,2023-06-17,Referral,88.2,88.2,11.0,1,171.0,6.928571428571429,12809.0,1938.2,14.0,5.0,55.94000000000001,5.6,34.53,8.018181818181818,0.1448016217781639,Decreasing,False,False,False,False
C1126,Sneha Iyer Group,Retail,India,Chennai,35.0,2023-10-11,Outbound,96.04,96.04,13.0,1,198.0,8.733333333333333,18920.0,4027.4,15.0,4.0,29.05,5.25,30.72,7.3876923076923084,0.13020833333333334,Decreasing,False,False,False,False
C1127,Divya Gupta Labs,Education,UAE,Abu Dhabi,35.0,2024-03-16,Partner,278.6,278.6,6.0,1,173.0,9.1,17903.0,2411.2,10.0,6.0,39.733333333333334,4.166666666666667,25.56,46.43333333333334,0.2347417840375587,Increasing,False,False,False,False
C1128,Sneha Rao Industries,Finance,India,Mumbai,400.0,2023-09-29,Organic Search,88.2,88.2,11.0,1,325.0,11.6875,29390.0,3862.2,16.0,2.0,37.0,6.5,31.11,8.018181818181818,0.06428801028608165,Decreasing,False,False,False,False
C1129,Farhan Reddy Labs,Manufacturing,India,Mumbai,3000.0,2024-05-26,Referral,858.28,858.28,10.0,1,57.0,4.0,3842.0,1717.3,8.0,3.0,35.666666666666664,6.333333333333333,23.23,85.828,0.12914334911752046,Increasing,False,False,False,False
C1130,Nikita Iyer Technologies,Media,UAE,Dubai,150.0,2024-03-26,Unknown,80.36,80.36,9.0,1,181.0,10.8,18465.0,2618.8,10.0,3.0,18.866666666666664,8.333333333333334,25.23,8.928888888888888,0.11890606420927467,Increasing,False,False,False,False
C1131,Aditya Menon Industries,Manufacturing,UAE,Abu Dhabi,80.0,2023-05-05,Organic Search,525.36,262.68,10.0,2,129.0,3.0952380952380953,23099.0,4145.5,21.0,4.0,39.4,4.75,35.94,52.536,0.11129660545353368,Increasing,False,False,False,False
C1132,Sneha Khan Solutions,Finance,Singapore,Singapore,35.0,2023-12-07,Organic Search,775.04,387.52,14.0,2,37.0,1.0769230769230769,9322.0,2167.1,13.0,0.0,,,28.84,55.36,0.0,Decreasing,False,False,False,False
C1133,Divya Nair Solutions,Retail,India,Pune,12.0,2025-01-25,Events,80.36,80.36,9.0,1,0.0,0.0,0.0,0.0,0.0,1.0,32.4,8.0,15.21,8.928888888888888,0.06574621959237344,No Usage Data,False,False,False,False
C1134,Tara Reddy Industries,Healthcare,India,Delhi,35.0,2023-01-30,Referral,56.84,56.84,3.0,1,453.0,9.666666666666666,31979.0,5905.8,24.0,6.0,40.15,5.666666666666667,39.06,18.94666666666667,0.15360983102918585,Decreasing,False,False,True,False
C1135,Nikita Menon Solutions,Education,India,Hyderabad,35.0,2023-11-21,Organic Search,246.76,246.76,4.0,1,159.0,6.785714285714286,18102.0,3275.8,14.0,3.0,62.9,4.666666666666667,29.37,61.69,0.10214504596527069,Decreasing,False,False,False,False
C1136,Deepak Bose Group,Media,UAE,Dubai,35.0,2024-04-04,Paid Ads,294.52,294.52,7.0,1,47.0,2.7777777777777777,12966.0,2207.4,9.0,0.0,,,24.93,42.074285714285715,0.0,Increasing,False,False,False,False
C1137,Arun Verma Labs,Finance,India,Pune,80.0,2023-08-09,Partner,342.28,342.28,10.0,1,110.0,7.75,8261.0,1366.6,8.0,6.0,30.616666666666664,5.5,32.79,34.227999999999994,0.18298261665141813,Decreasing,False,False,False,False
C1138,Meera Sharma Labs,Retail,India,Bengaluru,35.0,2024-10-27,Outbound,84.28,84.28,10.0,1,50.0,8.333333333333334,3912.0,601.3000000000001,3.0,5.0,26.080000000000002,5.0,18.17,8.428,0.275178866263071,Increasing,False,False,False,False
C1139,Arjun Menon Group,Logistics,India,Delhi,12.0,2023-07-17,Referral,68.6,68.6,6.0,1,211.0,6.0,33461.0,4953.2,18.0,4.0,49.300000000000004,5.25,33.54,11.433333333333332,0.11926058437686345,Decreasing,False,False,False,False
C1140,Aarav Nair Systems,Retail,India,Chennai,12.0,2024-07-15,Paid Ads,278.6,278.6,6.0,1,36.0,3.75,1991.0,781.7,4.0,7.0,46.228571428571435,5.285714285714286,21.58,46.43333333333334,0.324374420759963,Increasing,False,False,False,False
C1141,Ananya Joshi Industries,Finance,USA,Austin,400.0,2023-02-25,Organic Search,278.6,278.6,6.0,1,136.0,3.0869565217391304,28450.0,6789.9,23.0,4.0,33.575,4.0,38.21,46.43333333333334,0.10468463752944256,Decreasing,False,False,False,False
C1142,Kavya Reddy Technologies,Education,USA,Austin,400.0,2023-03-03,Partner,326.36,326.36,9.0,1,270.0,6.863636363636363,27711.0,5823.3,22.0,4.0,28.05,6.75,38.01,36.26222222222222,0.10523546435148645,Decreasing,False,False,False,False
C1143,Reyansh Menon Solutions,Retail,Singapore,Singapore,35.0,2023-02-20,Unknown,88.2,88.2,11.0,1,98.0,3.25,10005.0,2354.3,16.0,4.0,52.824999999999996,4.5,38.37,8.018181818181818,0.10424811050299713,Decreasing,False,False,False,False
C1144,Aditya Sharma Technologies,Media,UK,London,80.0,2024-01-15,Referral,2698.2,2698.2,11.0,1,216.0,10.916666666666666,22209.0,3397.3,12.0,3.0,32.23333333333333,5.0,27.56,245.29090909090908,0.1088534107402032,Increasing,True,False,False,False
C1145,Pooja Reddy Solutions,Logistics,India,Hyderabad,35.0,2023-03-28,Outbound,68.6,68.6,6.0,1,313.0,7.681818181818182,23925.0,6105.9,22.0,5.0,54.06,5.0,37.19,11.433333333333332,0.13444474321054048,Decreasing,False,False,False,False
C1146,Priya Iyer Technologies,Healthcare,India,Pune,150.0,2023-01-16,Referral,294.52,294.52,7.0,1,132.0,2.8333333333333335,24680.0,5860.7,24.0,2.0,30.5,3.5,39.52,42.074285714285715,0.05060728744939271,Decreasing,False,False,False,False
C1147,Vivaan Khan Technologies,Manufacturing,India,Bengaluru,80.0,2023-11-07,Organic Search,262.68,262.68,5.0,1,173.0,6.071428571428571,13087.0,3993.0,14.0,2.0,43.7,4.5,29.83,52.536,0.0670465973851827,Decreasing,False,False,False,False
C1148,Divya Bose Solutions,Education,India,Chennai,80.0,2024-09-04,Unknown,778.44,778.44,8.0,1,18.0,1.75,3392.0,832.8000000000001,4.0,1.0,68.6,3.0,19.91,97.305,0.050226017076845805,Increasing,False,False,False,False
C1149,Vivaan Verma Technologies,Logistics,UK,London,35.0,2023-04-23,Paid Ads,1978.68,1978.68,5.0,1,71.0,1.8571428571428572,23494.0,5919.3,21.0,5.0,31.920000000000005,5.0,36.33,395.736,0.13762730525736308,Decreasing,True,False,False,False
C1150,Rahul Singh Technologies,Education,India,Hyderabad,35.0,2025-01-14,Outbound,578.84,578.84,3.0,1,0.0,0.0,0.0,0.0,0.0,3.0,45.0,5.0,15.57,192.9466666666667,0.1926782273603083,No Usage Data,False,False,False,False
C1151,Aman Gupta Solutions,Manufacturing,India,Chennai,12.0,2023-07-20,Paid Ads,778.44,778.44,8.0,1,132.0,4.529411764705882,10874.0,1887.0,17.0,1.0,61.7,2.0,33.44,97.305,0.029904306220095697,Decreasing,False,False,False,False
C1152,Nikita Verma Technologies,Finance,USA,Austin,80.0,2024-08-03,Organic Search,294.52,294.52,7.0,1,19.0,1.4,4282.0,886.7,5.0,5.0,39.660000000000004,5.2,20.96,42.074285714285715,0.23854961832061067,Increasing,False,False,False,False
C1153,Aadhya Patel Solutions,Media,India,Pune,80.0,2024-08-10,Paid Ads,618.76,618.76,4.0,1,30.0,2.2,7219.0,1156.8,5.0,1.0,12.7,8.0,20.73,154.69,0.048239266763145196,Increasing,False,False,False,False
C1154,Kiara Das Group,Unknown,India,Pune,80.0,2024-10-29,Organic Search,723.3599999999999,361.67999999999995,10.0,2,8.0,1.3333333333333333,3649.0,657.9000000000001,3.0,1.0,77.3,6.0,18.1,72.33599999999998,0.055248618784530384,Increasing,False,False,False,False
C1155,Naveen Verma Technologies,Manufacturing,India,Bengaluru,12.0,2023-09-30,Referral,2098.6,2098.6,6.0,1,97.0,2.875,21903.0,4323.0,16.0,3.0,40.46666666666667,6.666666666666667,31.08,349.76666666666665,0.09652509652509653,Decreasing,True,False,False,False
C1156,Diya Sharma Technologies,Retail,India,Chennai,80.0,2024-03-16,Organic Search,2218.52,2218.52,7.0,1,85.0,4.6,12133.0,2974.4,10.0,2.0,5.85,6.5,25.56,316.93142857142857,0.0782472613458529,Increasing,True,False,False,False
C1157,Meera Joshi Solutions,Logistics,Singapore,Singapore,150.0,2024-02-24,Paid Ads,230.84,230.84,3.0,1,76.0,3.5454545454545454,15644.0,2611.0,11.0,6.0,38.083333333333336,5.166666666666667,26.25,76.94666666666667,0.22857142857142856,Increasing,False,False,False,False
C1158,Farhan Nair Labs,Education,India,Mumbai,3000.0,2023-03-21,Organic Search,84.28,84.28,10.0,1,201.0,4.409090909090909,21070.0,5085.2,22.0,3.0,46.0,5.666666666666667,37.42,8.428,0.08017103153393906,Decreasing,False,False,False,False
C1159,Deepak Bose Systems,Education,UK,London,400.0,2024-09-02,Organic Search,80.36,80.36,9.0,1,50.0,6.5,5396.0,952.8,4.0,6.0,50.54999999999999,5.333333333333333,19.97,8.928888888888888,0.30045067601402103,Increasing,False,False,False,False
C1160,Ishaan Singh Group,Education,USA,Boston,1200.0,2024-12-11,Organic Search,68.6,68.6,6.0,1,10.0,4.0,597.0,228.8,1.0,4.0,45.15,5.0,16.69,11.433333333333332,0.23966446974236066,Increasing,False,False,False,False
C1161,Sneha Das Systems,Healthcare,UAE,Dubai,150.0,2024-05-18,Paid Ads,246.76,246.76,4.0,1,22.0,1.125,21178.0,2260.1,8.0,3.0,30.833333333333332,4.0,23.49,61.69,0.1277139208173691,Increasing,False,False,False,False
C1162,Divya Nair Technologies,Logistics,India,Hyderabad,150.0,2024-09-08,Outbound,2098.6,2098.6,6.0,1,26.0,3.5,1159.0,551.1999999999999,4.0,3.0,24.2,5.666666666666667,19.78,349.76666666666665,0.15166835187057634,Increasing,True,False,False,False
C1163,Meera Menon Industries,Media,India,Bengaluru,35.0,2023-09-03,Paid Ads,278.6,278.6,6.0,1,89.0,2.8125,24521.0,3983.4,16.0,3.0,27.666666666666668,4.0,31.96,46.43333333333334,0.09386733416770963,Increasing,False,False,False,False
C1164,Saanvi Menon Systems,Healthcare,India,Pune,150.0,2023-10-06,Events,80.36,80.36,9.0,1,255.0,9.266666666666667,27508.0,3747.0,15.0,3.0,30.333333333333332,4.666666666666667,30.88,8.928888888888888,0.09715025906735751,Decreasing,False,False,False,False
C1165,Arjun Das Solutions,Logistics,India,Bengaluru,80.0,2024-03-12,Partner,72.52,72.52,7.0,1,153.0,9.3,13464.0,2518.4,10.0,5.0,49.480000000000004,5.4,25.69,10.36,0.19462826002335537,Increasing,False,False,False,False
C1166,Deepak Joshi Industries,Education,India,Bengaluru,80.0,2024-08-30,Paid Ads,2338.44,2338.44,8.0,1,31.0,4.2,7565.0,1049.7,5.0,3.0,35.03333333333333,4.0,20.07,292.305,0.14947683109118087,Increasing,True,False,False,False
C1167,Aarav Patel Labs,Media,Singapore,Singapore,3000.0,2023-04-19,Paid Ads,278.6,278.6,6.0,1,66.0,1.2380952380952381,26818.0,4928.8,21.0,4.0,19.85,6.75,36.47,46.43333333333334,0.10967918837400603,Decreasing,False,False,False,False
C1168,Aditya Joshi Solutions,Finance,USA,Seattle,80.0,2023-10-30,Referral,56.84,56.84,3.0,1,318.0,10.933333333333334,12269.0,3954.2,15.0,2.0,7.55,6.5,30.09,18.94666666666667,0.06646726487205051,Decreasing,False,False,False,False
C1169,Reyansh Menon Solutions,Manufacturing,UK,Manchester,400.0,2024-09-01,Organic Search,658.68,658.68,5.0,1,16.0,1.75,8651.0,1094.9,4.0,3.0,21.96666666666667,9.333333333333334,20.01,131.736,0.14992503748125935,Increasing,False,False,False,False
C1170,Diya Verma Industries,Finance,India,Mumbai,80.0,2023-12-28,Referral,76.44,76.44,8.0,1,74.0,7.666666666666667,5555.0,912.7,6.0,2.0,50.4,4.5,28.15,9.555,0.07104795737122559,Decreasing,False,False,False,False
C1171,Aditya Khan Industries,Retail,USA,Austin,35.0,2023-11-04,Referral,294.52,294.52,8.0,1,270.0,9.642857142857142,20380.0,3424.1,14.0,0.0,,,29.93,36.815,0.0,Increasing,False,False,False,False
C1172,Reyansh Menon Industries,Healthcare,Singapore,Singapore,400.0,2024-11-08,Referral,818.36,818.36,9.0,1,23.0,5.0,2296.0,209.9,2.0,0.0,,,17.77,90.92888888888889,0.0,Increasing,False,False,False,False
C1173,Kiara Bose Labs,Finance,India,Delhi,12.0,2024-09-03,Events,76.44,76.44,8.0,1,35.0,5.0,6443.0,571.4,4.0,1.0,23.1,5.0,19.94,9.555,0.05015045135406218,Increasing,False,False,False,False
C1174,Vivaan Verma Systems,Retail,India,Bengaluru,80.0,2024-08-29,Partner,230.84,230.84,3.0,1,63.0,5.6,7341.0,935.7,5.0,6.0,36.85,6.0,20.11,76.94666666666667,0.29835902536051717,Increasing,False,False,False,False
C1175,Pooja Bose Solutions,Logistics,India,Delhi,12.0,2023-05-31,Organic Search,56.84,56.84,3.0,1,103.0,2.35,22317.0,4691.6,20.0,7.0,41.885714285714286,5.714285714285714,35.09,18.94666666666667,0.1994870333428327,Decreasing,False,False,False,False
C1176,Sneha Khan Technologies,Education,UAE,Abu Dhabi,12.0,2024-08-26,Organic Search,72.52,72.52,7.0,1,60.0,5.8,1509.0,798.1,5.0,5.0,23.860000000000003,4.8,20.2,10.36,0.24752475247524752,Increasing,False,False,False,False
C1177,Isha Gupta Group,Media,USA,Seattle,12.0,2023-11-13,Organic Search,72.52,72.52,7.0,1,245.0,11.142857142857142,17908.0,4081.4,14.0,5.0,26.28,5.2,29.63,10.36,0.16874789065136686,Increasing,False,False,False,False
C1178,Isha Menon Solutions,Retail,India,Mumbai,12.0,2023-06-30,Partner,326.36,326.36,9.0,1,360.0,10.789473684210526,24438.0,4765.1,19.0,2.0,25.200000000000003,4.5,34.1,36.26222222222222,0.05865102639296187,Decreasing,False,False,True,False
C1179,Sneha Iyer Solutions,Media,USA,Boston,12.0,2023-08-13,Paid Ads,60.76,60.76,4.0,1,30.0,2.0,5745.0,1048.6,7.0,3.0,23.666666666666668,5.0,32.65,15.19,0.09188361408882083,Decreasing,False,False,False,False
C1180,Rahul Menon Labs,Retail,UAE,Dubai,80.0,2023-08-14,Organic Search,68.6,68.6,6.0,1,142.0,8.545454545454545,8996.0,1991.9,11.0,1.0,79.8,1.0,32.62,11.433333333333332,0.030656039239730228,Decreasing,False,False,False,False
C1181,Isha Reddy Labs,Healthcare,UK,London,150.0,2024-09-28,Partner,230.84,230.84,3.0,1,65.0,8.5,2741.0,725.8,4.0,2.0,23.299999999999997,4.5,19.12,76.94666666666667,0.10460251046025104,Increasing,False,False,False,False
C1182,Arun Menon Labs,Finance,India,Bengaluru,1200.0,2023-09-21,Organic Search,1978.68,1978.68,5.0,1,37.0,0.875,14175.0,2507.7,16.0,4.0,42.075,3.75,31.37,395.736,0.12751036021676762,Decreasing,True,False,False,False
C1183,Sanjay Gupta Labs,Manufacturing,USA,Austin,400.0,2024-04-03,Paid Ads,402.8,201.4,17.0,2,52.0,2.888888888888889,10636.0,1341.9,9.0,3.0,34.6,6.0,24.97,23.694117647058825,0.12014417300760914,Increasing,False,True,False,False
C1184,Meera Verma Group,Manufacturing,USA,Boston,80.0,2023-04-15,Organic Search,818.36,818.36,9.0,1,192.0,4.714285714285714,21884.0,5320.3,21.0,2.0,15.549999999999999,3.5,36.6,90.92888888888889,0.0546448087431694,Decreasing,False,False,False,False
C1185,Zoya Rao Labs,Finance,India,Mumbai,35.0,2024-08-23,Partner,294.52,294.52,7.0,1,53.0,5.4,6286.0,1016.2,5.0,3.0,10.133333333333333,6.0,20.3,42.074285714285715,0.14778325123152708,Increasing,False,False,False,False
C1186,Diya Rao Technologies,Media,UK,Manchester,80.0,2023-10-05,Paid Ads,738.52,738.52,7.0,1,104.0,3.933333333333333,22089.0,3798.4,15.0,3.0,14.299999999999999,6.0,30.91,105.50285714285714,0.09705596894208994,Stable,False,False,False,False
C1187,Pooja Gupta Group,Manufacturing,India,Mumbai,150.0,2024-03-20,Organic Search,578.84,578.84,3.0,1,209.0,12.2,18117.0,2975.9,10.0,2.0,34.4,5.5,25.43,192.9466666666667,0.07864726700747149,Increasing,False,False,False,False
C1188,Tara Rao Industries,Healthcare,India,Hyderabad,12.0,2023-07-21,Referral,778.44,778.44,8.0,1,389.0,13.61111111111111,35150.0,4804.6,18.0,4.0,41.275,5.0,33.41,97.305,0.1197246333433104,Decreasing,False,False,True,False
C1189,Kiara Patel Group,Media,India,Bengaluru,150.0,2024-08-26,Referral,310.44,310.44,8.0,1,19.0,1.8,8596.0,604.3,5.0,1.0,59.0,3.0,20.2,38.805,0.04950495049504951,Increasing,False,False,False,False
C1190,Myra Joshi Solutions,Retail,UK,Manchester,12.0,2023-02-14,Paid Ads,342.28,342.28,10.0,1,53.0,0.782608695652174,24468.0,5894.7,23.0,1.0,4.1,9.0,38.57,34.227999999999994,0.025926886180969666,Decreasing,False,False,False,False
C1191,Sai Patel Industries,Healthcare,UAE,Abu Dhabi,12.0,2023-12-31,Referral,68.6,68.6,6.0,1,246.0,10.076923076923077,13042.0,3241.4,13.0,2.0,23.549999999999997,6.5,28.06,11.433333333333332,0.07127583749109052,Increasing,False,False,False,False
C1192,Deepak Nair Technologies,Media,UK,Manchester,150.0,2023-07-05,Organic Search,84.28,84.28,10.0,1,62.0,1.7777777777777777,22798.0,4445.2,18.0,4.0,31.95,5.0,33.94,8.428,0.11785503830288746,Decreasing,False,False,False,False
C1193,Diya Menon Systems,Unknown,USA,Seattle,1200.0,2024-08-02,Paid Ads,278.6,278.6,6.0,1,18.0,2.0,5062.0,1498.6,5.0,2.0,16.55,5.0,20.99,46.43333333333334,0.09528346831824679,Increasing,False,False,False,False
C1194,Zoya Bose Group,Retail,UAE,Dubai,80.0,2024-03-19,Organic Search,3957.3599999999997,1978.6799999999998,10.0,2,105.0,6.2,7975.0,1555.5,10.0,5.0,39.46,5.2,25.46,395.736,0.19638648860958366,Increasing,True,False,False,False
C1195,Aman Gupta Labs,Finance,UAE,Abu Dhabi,80.0,2023-05-03,Referral,2578.28,2578.28,10.0,1,224.0,6.0,20385.0,4668.9,20.0,5.0,31.52,5.2,36.01,257.82800000000003,0.13885031935573452,Decreasing,True,False,False,False
C1196,Ananya Singh Industries,Finance,India,Hyderabad,80.0,2023-03-16,Referral,99.96,99.96,14.0,1,6.0,0.5,3590.0,589.8,4.0,3.0,15.799999999999999,7.333333333333333,37.58,7.14,0.07982969664715274,Decreasing,False,False,False,False
C1197,Sanjay Menon Industries,Education,Singapore,Singapore,35.0,2024-04-28,Referral,88.2,88.2,11.0,1,86.0,5.444444444444445,19714.0,2455.6,9.0,6.0,38.38333333333333,5.333333333333333,24.15,8.018181818181818,0.24844720496894412,Increasing,False,False,False,False
C1198,Ananya Sharma Labs,Finance,India,Hyderabad,12.0,2023-04-26,Paid Ads,2218.52,2218.52,7.0,1,377.0,8.523809523809524,28182.0,5368.0,21.0,6.0,27.03333333333333,6.5,36.24,316.93142857142857,0.16556291390728475,Decreasing,True,False,True,False
C1199,Aman Singh Labs,Education,India,Pune,80.0,2024-08-05,Paid Ads,278.6,278.6,6.0,1,12.0,1.0,7005.0,1241.4,5.0,1.0,59.4,5.0,20.89,46.43333333333334,0.04786979415988511,Increasing,False,False,False,False
C1200,Kavya Rao Industries,Media,India,Delhi,80.0,2024-11-10,Partner,60.76,60.76,4.0,1,21.0,3.5,927.0,447.9,2.0,3.0,55.199999999999996,4.666666666666667,17.71,15.19,0.1693958215697346,Increasing,False,False,False,False
C1201,Naveen Patel Labs,Manufacturing,India,Delhi,400.0,2024-12-07,Organic Search,1858.76,1858.76,4.0,1,20.0,9.0,185.0,337.2,1.0,4.0,49.85,5.5,16.82,464.69,0.23781212841854935,Increasing,True,False,False,False
C1202,Karthik Iyer Labs,Finance,India,Pune,35.0,2024-12-06,Organic Search,1112.88,556.44,16.0,2,18.0,6.0,1956.0,335.6,1.0,1.0,41.6,5.0,16.85,69.555,0.05934718100890207,Increasing,False,True,False,False
C1203,Saanvi Reddy Industries,Education,USA,Seattle,1200.0,2024-10-24,Organic Search,858.28,858.28,10.0,1,36.0,7.333333333333333,8114.0,821.0,3.0,2.0,32.05,7.0,18.27,85.828,0.10946907498631636,Increasing,False,False,False,False
C1204,Aman Reddy Systems,Manufacturing,India,Bengaluru,12.0,2023-02-19,Paid Ads,2338.44,2338.44,8.0,1,333.0,8.782608695652174,23455.0,6215.1,23.0,3.0,62.76666666666667,5.666666666666667,38.4,292.305,0.078125,Decreasing,True,False,False,False
C1205,Isha Joshi Labs,Healthcare,USA,Seattle,1200.0,2023-11-16,Paid Ads,778.44,778.44,8.0,1,87.0,3.9166666666666665,9564.0,2022.0,12.0,1.0,27.3,6.0,29.53,97.305,0.033863867253640365,Decreasing,False,False,False,False
C1206,Zoya Gupta Group,Logistics,India,Bengaluru,400.0,2023-04-29,Paid Ads,738.52,738.52,7.0,1,349.0,9.476190476190476,30924.0,5245.900000000001,21.0,9.0,34.63333333333333,5.666666666666667,36.14,105.50285714285714,0.24903154399557276,Decreasing,False,False,True,True
C1207,Sneha Gupta Technologies,Manufacturing,Singapore,Singapore,80.0,2023-04-17,Organic Search,310.44,310.44,8.0,1,373.0,8.857142857142858,29308.0,5186.3,21.0,3.0,46.333333333333336,5.0,36.53,38.805,0.08212428141253764,Decreasing,False,False,True,False
C1208,Deepak Das Group,Healthcare,India,Mumbai,150.0,2023-10-02,Organic Search,60.76,60.76,4.0,1,21.0,1.0,10291.0,1918.8,12.0,2.0,25.3,5.5,31.01,15.19,0.06449532408900355,Decreasing,False,False,False,False
C1209,Rahul Khan Systems,Media,USA,Seattle,12.0,2023-08-28,Organic Search,658.68,658.68,5.0,1,30.0,2.5,6854.0,1348.6,6.0,1.0,12.3,7.0,32.16,131.736,0.031094527363184084,Decreasing,False,False,False,False
C1210,Deepak Patel Technologies,Healthcare,India,Delhi,1200.0,2023-12-29,Events,56.84,56.84,3.0,1,36.0,2.25,5247.0,972.7,8.0,3.0,17.366666666666667,5.0,28.12,18.94666666666667,0.10668563300142248,Decreasing,False,False,False,False
C1211,Krishna Iyer Solutions,Retail,India,Mumbai,1200.0,2024-10-13,Events,294.52,294.52,7.0,1,52.0,8.333333333333334,3102.0,1011.4,3.0,1.0,57.9,5.0,18.63,42.074285714285715,0.05367686527106817,Increasing,False,False,False,False
C1212,Sai Verma Solutions,Retail,India,Mumbai,80.0,2023-06-27,Events,538.92,538.92,2.0,1,185.0,5.578947368421052,21498.0,4957.6,19.0,4.0,32.825,7.5,34.2,269.46,0.11695906432748537,Decreasing,False,False,False,False
C1213,Nikita Verma Labs,Retail,India,Delhi,12.0,2024-11-28,Events,214.92,214.92,2.0,1,17.0,6.5,826.0,435.3,2.0,1.0,44.3,6.0,17.12,107.46,0.05841121495327103,Increasing,False,False,False,False
C1214,Sneha Sharma Technologies,Logistics,India,Pune,80.0,2024-11-17,Outbound,405.96,405.96,14.0,1,31.0,9.5,4733.0,505.5,2.0,6.0,33.93333333333333,6.166666666666667,17.48,28.997142857142855,0.34324942791762014,Increasing,False,False,False,False
C1215,Zoya Patel Solutions,Healthcare,UK,Manchester,12.0,2024-08-28,Organic Search,60.76,60.76,4.0,1,18.0,1.2,4925.0,1392.0,5.0,5.0,32.04,5.2,20.14,15.19,0.24826216484607744,Increasing,False,False,False,False
C1216,Nikita Khan Systems,Manufacturing,India,Chennai,150.0,2023-08-25,Paid Ads,76.44,76.44,8.0,1,93.0,2.823529411764706,20645.0,4497.7,17.0,3.0,40.9,5.333333333333333,32.26,9.555,0.09299442033477992,Decreasing,False,False,False,False
C1217,Sai Iyer Industries,Logistics,India,Pune,35.0,2023-03-06,Paid Ads,1858.76,1858.76,4.0,1,159.0,7.916666666666667,10986.0,2178.9,12.0,5.0,34.739999999999995,5.2,37.91,464.69,0.13189132155104194,Decreasing,True,False,False,False
C1218,Reyansh Joshi Group,Education,Singapore,Singapore,12.0,2025-01-19,Paid Ads,84.28,84.28,10.0,1,0.0,0.0,0.0,0.0,0.0,5.0,45.62,5.8,15.41,8.428,0.3244646333549643,No Usage Data,False,False,False,False
C1219,Tara Nair Group,Healthcare,India,Pune,12.0,2023-03-06,Organic Search,160.72,80.36,18.0,2,147.0,4.0,24237.0,4534.8,20.0,2.0,62.05,7.0,37.91,8.928888888888888,0.052756528620416784,Decreasing,False,True,False,False
C1220,Diya Rao Solutions,Logistics,UAE,Abu Dhabi,12.0,2023-02-28,Outbound,658.68,658.68,5.0,1,261.0,6.478260869565218,32557.0,5894.0,23.0,5.0,54.339999999999996,4.6,38.11,131.736,0.13119916032537393,Decreasing,False,False,False,False
C1221,Rahul Gupta Solutions,Education,India,Mumbai,150.0,2023-05-20,Unknown,80.36,80.36,9.0,1,108.0,3.5,15668.0,1797.4,16.0,3.0,26.233333333333334,6.333333333333333,35.45,8.928888888888888,0.0846262341325811,Decreasing,False,False,False,False
C1222,Aarav Verma Labs,Finance,UK,Manchester,80.0,2024-09-13,Outbound,818.36,818.36,9.0,1,53.0,8.75,2364.0,1013.3,4.0,4.0,51.9,4.75,19.61,90.92888888888889,0.2039775624681285,Increasing,False,False,False,False
C1223,Vihaan Joshi Industries,Education,USA,Austin,12.0,2024-08-07,Paid Ads,278.6,278.6,6.0,1,99.0,12.2,5520.0,1334.6999999999998,5.0,2.0,4.1,7.5,20.83,46.43333333333334,0.09601536245799329,Increasing,False,False,False,False
C1224,Isha Patel Technologies,Manufacturing,India,Hyderabad,12.0,2024-02-15,Paid Ads,898.2,898.2,11.0,1,44.0,1.9090909090909092,11157.0,2557.0,11.0,0.0,,,26.54,81.65454545454546,0.0,Increasing,False,False,False,False
C1225,Diya Patel Industries,Logistics,India,Hyderabad,150.0,2023-08-14,Referral,129.36,64.68,10.0,2,171.0,6.117647058823529,23197.0,3609.7,17.0,4.0,39.7,6.25,32.62,12.936000000000002,0.12262415695892091,Decreasing,False,False,False,False
C1226,Ishaan Patel Industries,Education,India,Pune,12.0,2023-05-04,Events,246.76,246.76,4.0,1,159.0,4.7,31828.0,4647.5,20.0,1.0,10.9,9.0,35.97,61.69,0.027800945232137893,Decreasing,False,False,False,False
C1227,Karthik Das Industries,Healthcare,India,Chennai,35.0,2024-04-25,Paid Ads,698.6,698.6,6.0,1,32.0,4.0,5699.0,784.0,5.0,2.0,14.25,6.5,24.24,116.43333333333334,0.08250825082508251,Increasing,False,False,False,False
C1228,Kiara Sharma Solutions,Logistics,India,Chennai,80.0,2023-12-08,Partner,230.84,230.84,3.0,1,16.0,0.45454545454545453,6394.0,1897.8,11.0,3.0,28.666666666666668,4.666666666666667,28.81,76.94666666666667,0.10413051023950018,Decreasing,False,False,False,False
C1229,Farhan Verma Technologies,Media,UK,Manchester,150.0,2024-02-23,Organic Search,72.52,72.52,7.0,1,82.0,4.454545454545454,18424.0,2735.7,11.0,2.0,42.0,1.5,26.28,10.36,0.076103500761035,Increasing,False,False,False,False
C1230,Ishaan Patel Industries,Retail,India,Hyderabad,12.0,2023-07-24,Partner,1009.04,504.52,14.0,2,87.0,2.588235294117647,15356.0,2902.1,17.0,3.0,21.233333333333334,6.666666666666667,33.31,72.07428571428571,0.09006304413089161,Decreasing,False,False,False,False
C1231,Aditya Patel Group,Logistics,USA,Austin,150.0,2023-12-09,Referral,246.76,246.76,4.0,1,200.0,8.0,10884.0,3253.0,13.0,2.0,27.2,5.5,28.78,61.69,0.06949270326615706,Increasing,False,False,False,False
C1232,Rohan Bose Systems,Finance,UK,Manchester,3000.0,2024-10-14,Paid Ads,738.52,738.52,7.0,1,36.0,7.0,4919.0,1080.1,3.0,2.0,64.4,7.0,18.59,105.50285714285714,0.10758472296933835,Increasing,False,False,False,False
C1233,Deepak Patel Labs,Manufacturing,UAE,Dubai,400.0,2024-08-17,Outbound,578.84,578.84,3.0,1,67.0,6.6,3449.0,1336.2,5.0,6.0,18.466666666666665,7.333333333333333,20.5,192.9466666666667,0.2926829268292683,Increasing,False,False,False,False
C1234,Farhan Singh Industries,Manufacturing,UK,London,12.0,2023-05-15,Paid Ads,68.6,68.6,6.0,1,437.0,12.7,31970.0,5174.0,20.0,4.0,38.875,6.0,35.61,11.433333333333332,0.11232799775344005,Decreasing,False,False,True,False
C1235,Vivaan Bose Technologies,Healthcare,India,Mumbai,80.0,2024-06-05,Partner,68.6,68.6,6.0,1,23.0,1.2857142857142858,6153.0,1659.6,7.0,4.0,40.074999999999996,5.5,22.9,11.433333333333332,0.17467248908296945,Increasing,False,False,False,False
C1236,Saanvi Rao Industries,Education,UAE,Dubai,400.0,2023-03-15,Referral,72.52,72.52,7.0,1,33.0,4.2,1702.0,653.5,5.0,8.0,39.475,5.5,37.61,10.36,0.2127093858016485,Decreasing,False,False,False,True
C1237,Arun Rao Systems,Logistics,India,Pune,150.0,2024-07-20,Outbound,358.2,358.2,11.0,1,147.0,11.5,4833.0,1407.9,6.0,3.0,29.0,7.333333333333333,21.42,32.56363636363636,0.1400560224089636,Increasing,False,False,False,False
C1238,Tara Gupta Technologies,Media,UK,Manchester,35.0,2023-05-23,Organic Search,88.2,88.2,11.0,1,138.0,3.7,15363.0,3540.7,20.0,2.0,64.1,4.0,35.35,8.018181818181818,0.056577086280056574,Decreasing,False,False,False,False
C1239,Pooja Nair Solutions,Manufacturing,UK,Manchester,150.0,2023-05-30,Events,1738.84,1738.84,3.0,1,39.0,4.0,3607.0,753.3,4.0,5.0,34.019999999999996,6.4,35.12,579.6133333333333,0.14236902050113895,Decreasing,True,False,False,False
C1240,Aadhya Gupta Group,Finance,Singapore,Singapore,80.0,2025-01-12,Organic Search,64.68,64.68,5.0,1,0.0,0.0,0.0,0.0,0.0,2.0,48.05,5.5,15.64,12.936000000000002,0.1278772378516624,No Usage Data,False,False,False,False
C1241,Rohan Iyer Group,Healthcare,India,Chennai,1200.0,2023-07-05,Paid Ads,2098.6,2098.6,6.0,1,201.0,6.9411764705882355,19031.0,2877.0,17.0,1.0,47.0,6.0,33.94,349.76666666666665,0.029463759575721865,Decreasing,True,False,False,False
C1242,Deepak Bose Group,Finance,India,Hyderabad,35.0,2024-11-12,Outbound,2648.88,1324.44,16.0,2,7.0,1.5,2842.0,584.8,2.0,3.0,18.400000000000002,5.333333333333333,17.64,165.555,0.17006802721088435,Increasing,True,True,False,False
C1243,Aditya Patel Solutions,Media,UAE,Dubai,150.0,2023-12-03,Paid Ads,64.68,64.68,5.0,1,247.0,11.23076923076923,5532.0,3747.0,13.0,2.0,43.4,5.0,28.98,12.936000000000002,0.06901311249137336,Increasing,False,False,False,False
C1244,Myra Sharma Industries,Media,India,Delhi,150.0,2024-11-20,Referral,72.52,72.52,7.0,1,10.0,3.0,3173.0,382.8,2.0,2.0,30.8,5.0,17.38,10.36,0.11507479861910243,Increasing,False,False,False,False
C1245,Aadhya Sharma Labs,Logistics,India,Pune,150.0,2024-12-08,Organic Search,84.28,84.28,10.0,1,8.0,6.0,515.0,135.0,1.0,7.0,33.42857142857143,5.142857142857143,16.79,8.428,0.4169148302561048,Increasing,False,False,False,False
C1246,Aditya Sharma Group,Finance,UAE,Abu Dhabi,80.0,2024-02-13,Organic Search,618.76,618.76,4.0,1,212.0,13.636363636363637,14175.0,2650.9,11.0,2.0,45.400000000000006,7.5,26.61,154.69,0.0751597143930853,Increasing,False,False,False,False
C1247,Karthik Sharma Technologies,Manufacturing,UK,Manchester,1200.0,2024-08-23,Partner,738.52,738.52,7.0,1,52.0,6.4,6475.0,1606.8,5.0,5.0,40.22,4.6,20.3,105.50285714285714,0.24630541871921183,Increasing,False,False,False,False
C1248,Farhan Bose Solutions,Media,UAE,Abu Dhabi,400.0,2024-04-18,Paid Ads,738.52,738.52,7.0,1,118.0,8.666666666666666,4751.0,2053.2,9.0,2.0,30.099999999999998,5.5,24.47,105.50285714285714,0.08173273395995097,Increasing,False,False,False,False
C1249,Ananya Singh Solutions,Manufacturing,USA,Boston,150.0,2023-04-12,Organic Search,698.6,698.6,6.0,1,287.0,7.0476190476190474,28405.0,5274.0,21.0,4.0,35.65,5.5,36.7,116.43333333333334,0.108991825613079,Decreasing,False,False,False,False
C1250,Sai Rao Industries,Finance,India,Hyderabad,1200.0,2024-01-20,Partner,1978.68,1978.68,5.0,1,149.0,6.166666666666667,15122.0,3044.2,12.0,5.0,37.32000000000001,5.6,27.4,395.736,0.18248175182481752,Increasing,True,False,False,False
C1251,Diya Khan Group,Logistics,Singapore,Singapore,80.0,2023-03-19,Paid Ads,818.36,818.36,9.0,1,173.0,4.636363636363637,21096.0,5475.3,22.0,3.0,42.56666666666666,5.0,37.48,90.92888888888889,0.080042689434365,Decreasing,False,False,False,False
C1252,Meera Sharma Industries,Media,UK,Manchester,12.0,2023-07-22,Organic Search,2098.6,2098.6,6.0,1,125.0,3.2222222222222223,11778.0,2571.1,18.0,3.0,43.06666666666666,4.0,33.38,349.76666666666665,0.08987417615338525,Decreasing,True,False,False,False
C1253,Karthik Rao Solutions,Media,India,Hyderabad,35.0,2024-06-01,Organic Search,156.8,78.4,17.0,2,42.0,3.0,5143.0,1055.7,7.0,8.0,32.85,6.25,23.03,9.223529411764707,0.34737299174989145,Increasing,False,True,False,True
C1254,Rohan Nair Technologies,Education,USA,Boston,35.0,2023-04-19,Organic Search,310.44,310.44,8.0,1,164.0,4.238095238095238,25481.0,4801.8,21.0,4.0,39.75,5.0,36.47,38.805,0.10967918837400603,Decreasing,False,False,False,False
C1255,Riya Joshi Labs,Healthcare,India,Mumbai,12.0,2024-10-25,Referral,310.44,310.44,8.0,1,3.0,0.0,1816.0,536.9,3.0,1.0,70.2,8.0,18.23,38.805,0.05485463521667581,Increasing,False,False,False,False
C1256,Sai Gupta Technologies,Media,UK,London,35.0,2024-03-30,Events,1978.68,1978.68,5.0,1,102.0,5.3,12317.0,2675.6,10.0,4.0,45.0,4.75,25.1,395.736,0.1593625498007968,Increasing,True,False,False,False
C1257,Vihaan Patel Solutions,Manufacturing,India,Chennai,35.0,2023-11-18,Partner,1858.76,1858.76,4.0,1,30.0,3.0,2143.0,519.1,4.0,5.0,28.160000000000004,5.2,29.47,464.69,0.16966406515100102,Decreasing,True,False,False,False
C1258,Myra Verma Technologies,Media,UK,Manchester,150.0,2024-02-27,Organic Search,658.68,658.68,5.0,1,12.0,0.6,5646.0,743.7,5.0,1.0,26.1,7.0,26.15,131.736,0.03824091778202677,Decreasing,False,False,False,False
C1259,Priya Reddy Systems,Manufacturing,India,Delhi,80.0,2024-10-31,Paid Ads,778.44,778.44,8.0,1,65.0,15.333333333333334,2354.0,845.8,3.0,1.0,27.6,6.0,18.04,97.305,0.05543237250554324,Increasing,False,False,False,False
C1260,Meera Iyer Technologies,Finance,India,Bengaluru,80.0,2023-06-11,Referral,818.36,818.36,7.0,1,191.0,5.315789473684211,27285.0,5048.2,19.0,4.0,47.8,6.25,34.72,116.90857142857143,0.1152073732718894,Decreasing,False,False,False,False
C1261,Reyansh Menon Labs,Retail,India,Delhi,150.0,2024-03-07,Outbound,1978.68,1978.68,5.0,1,57.0,7.75,8191.0,345.2,4.0,3.0,31.333333333333332,5.0,25.85,395.736,0.11605415860735009,Decreasing,True,False,False,False
C1262,Arun Joshi Group,Retail,UK,London,150.0,2024-04-09,Paid Ads,342.28,342.28,10.0,1,145.0,9.555555555555555,6602.0,2173.6,9.0,3.0,38.233333333333334,6.0,24.77,34.227999999999994,0.12111425111021397,Increasing,False,False,False,False
C1263,Deepak Reddy Industries,Media,India,Bengaluru,80.0,2025-01-05,Paid Ads,2338.44,2338.44,8.0,1,0.0,0.0,0.0,0.0,0.0,1.0,59.4,4.0,15.87,292.305,0.06301197227473221,No Usage Data,True,False,False,False
C1264,Aarav Nair Solutions,Education,India,Mumbai,35.0,2024-07-05,Referral,698.6,698.6,6.0,1,120.0,9.666666666666666,5937.0,1495.0,6.0,5.0,29.339999999999996,6.4,21.91,116.43333333333334,0.22820629849383842,Increasing,False,False,False,False
C1265,Aditya Reddy Solutions,Retail,UK,London,3000.0,2023-10-23,Events,294.52,294.52,7.0,1,63.0,2.2666666666666666,12507.0,3705.8,15.0,4.0,45.25,3.25,30.32,42.074285714285715,0.13192612137203166,Decreasing,False,False,False,False
C1266,Arun Nair Systems,Education,UAE,Abu Dhabi,80.0,2023-07-04,Paid Ads,342.28,342.28,10.0,1,315.0,9.777777777777779,20437.0,4693.3,18.0,3.0,44.53333333333333,7.0,33.97,34.227999999999994,0.08831321754489256,Decreasing,False,False,False,False
C1267,Nikita Rao Industries,Retail,India,Hyderabad,150.0,2023-11-09,Organic Search,2098.6,2098.6,6.0,1,39.0,3.6666666666666665,3648.0,589.0,6.0,5.0,38.980000000000004,5.6,29.76,349.76666666666665,0.16801075268817203,Decreasing,True,False,False,False
C1268,Deepak Patel Industries,Healthcare,India,Delhi,1200.0,2023-08-21,Organic Search,80.36,80.36,9.0,1,248.0,8.529411764705882,15619.0,5012.1,17.0,1.0,16.2,9.0,32.39,8.928888888888888,0.030873726458783574,Decreasing,False,False,False,False
C1269,Aadhya Patel Solutions,Healthcare,India,Pune,80.0,2024-01-16,Organic Search,294.52,294.52,7.0,1,84.0,3.6666666666666665,8242.0,2310.9,12.0,4.0,43.075,4.0,27.53,42.074285714285715,0.1452960406828914,Decreasing,False,False,False,False
C1270,Farhan Menon Group,Logistics,India,Mumbai,150.0,2024-06-22,Partner,294.52,294.52,7.0,1,114.0,9.857142857142858,7061.0,1771.6,7.0,3.0,30.23333333333333,4.333333333333333,22.34,42.074285714285715,0.13428827215756492,Increasing,False,False,False,False
C1271,Myra Gupta Industries,Retail,India,Bengaluru,400.0,2024-12-11,Paid Ads,294.52,294.52,7.0,1,18.0,14.0,5502.0,424.2,1.0,1.0,4.1,6.0,16.69,42.074285714285715,0.059916117435590166,Increasing,False,False,False,False
C1272,Pooja Joshi Industries,Finance,UK,London,80.0,2024-04-25,Paid Ads,2218.52,2218.52,7.0,1,38.0,1.6666666666666667,10902.0,2523.5,9.0,5.0,36.839999999999996,4.8,24.24,316.93142857142857,0.2062706270627063,Increasing,True,False,False,False
C1273,Ananya Menon Systems,Manufacturing,India,Delhi,150.0,2023-03-25,Partner,818.36,818.36,9.0,1,175.0,3.772727272727273,33715.0,5628.7,22.0,2.0,61.1,4.5,37.29,90.92888888888889,0.053633681952266025,Decreasing,False,False,False,False
C1274,Aadhya Khan Systems,Finance,UAE,Abu Dhabi,80.0,2024-10-06,Events,342.28,342.28,10.0,1,31.0,3.0,1180.0,638.4000000000001,3.0,2.0,46.55,2.0,18.86,34.227999999999994,0.10604453870625663,Increasing,False,False,False,False
C1275,Nikita Verma Technologies,Logistics,UAE,Abu Dhabi,35.0,2023-09-06,Paid Ads,1499.0,1499.0,1.0,1,139.0,7.0,11043.0,2475.4,13.0,2.0,21.65,7.0,31.87,1499.0,0.06275494195167869,Decreasing,False,False,False,False
C1276,Myra Reddy Industries,Logistics,Singapore,Singapore,1200.0,2024-06-23,Unknown,246.76,246.76,4.0,1,55.0,6.2,4277.0,980.6,5.0,4.0,4.65,7.0,22.31,61.69,0.17929179740026896,Increasing,False,False,False,False
C1277,Kiara Gupta Industries,Logistics,UAE,Dubai,3000.0,2023-01-19,Paid Ads,294.52,294.52,8.0,1,89.0,2.1578947368421053,16519.0,3345.1,19.0,3.0,55.76666666666667,5.666666666666667,39.42,36.815,0.076103500761035,Decreasing,False,False,False,False
C1278,Meera Sharma Industries,Media,UK,London,35.0,2024-02-14,Paid Ads,72.52,72.52,7.0,1,30.0,1.4545454545454546,7009.0,1913.0,11.0,6.0,25.349999999999998,8.0,26.58,10.36,0.22573363431151244,Decreasing,False,False,False,False
C1279,Divya Verma Solutions,Finance,India,Pune,400.0,2024-06-19,Events,80.36,80.36,9.0,1,29.0,1.7142857142857142,3445.0,1172.6,7.0,3.0,23.933333333333334,5.333333333333333,22.44,8.928888888888888,0.1336898395721925,Increasing,False,False,False,False
C1280,Aman Patel Systems,Healthcare,Singapore,Singapore,80.0,2024-04-06,Organic Search,278.6,278.6,6.0,1,160.0,9.333333333333334,11578.0,2001.1,9.0,7.0,33.5,5.0,24.87,46.43333333333334,0.2814636107760354,Increasing,False,False,False,False
C1281,Farhan Das Group,Finance,India,Mumbai,12.0,2024-05-17,Partner,2098.6,2098.6,6.0,1,17.0,0.5,6342.0,1384.6,8.0,2.0,47.95,3.0,23.52,349.76666666666665,0.08503401360544217,Increasing,True,False,False,False
C1282,Nikita Menon Solutions,Healthcare,USA,Boston,12.0,2024-12-03,Partner,1978.68,1978.68,5.0,1,11.0,7.0,333.0,297.4,1.0,5.0,51.279999999999994,5.0,16.95,395.736,0.2949852507374631,Increasing,True,False,False,False
C1283,Kiara Nair Industries,Healthcare,UAE,Dubai,12.0,2023-04-03,Paid Ads,84.28,84.28,10.0,1,109.0,2.2857142857142856,33201.0,5185.6,21.0,1.0,44.2,3.0,36.99,8.428,0.02703433360367667,Decreasing,False,False,False,False
C1284,Zoya Das Group,Retail,India,Pune,400.0,2024-12-27,Organic Search,1978.68,1978.68,5.0,1,23.0,16.0,567.0,301.8,1.0,3.0,40.96666666666667,4.333333333333333,16.16,395.736,0.18564356435643564,Increasing,True,False,False,False
C1285,Isha Verma Solutions,Healthcare,UK,Manchester,400.0,2023-05-19,Partner,778.44,778.44,8.0,1,44.0,0.65,25716.0,5267.7,20.0,2.0,61.0,5.5,35.48,97.305,0.056369785794813984,Decreasing,False,False,False,False
C1286,Krishna Khan Solutions,Media,UK,Manchester,150.0,2023-10-27,Referral,326.36,326.36,9.0,1,108.0,4.266666666666667,15708.0,4471.4,15.0,1.0,1.7,7.0,30.19,36.26222222222222,0.033123550844650546,Decreasing,False,False,False,False
C1287,Farhan Nair Industries,Education,UK,Manchester,35.0,2023-09-09,Organic Search,230.84,230.84,3.0,1,35.0,0.6,9304.0,2185.2,15.0,4.0,49.175,4.25,31.77,76.94666666666667,0.12590494176896444,Decreasing,False,False,False,False
C1288,Kiara Das Labs,Retail,India,Bengaluru,400.0,2024-09-09,Organic Search,1618.92,1618.92,2.0,1,65.0,9.25,4303.0,1241.9,4.0,1.0,16.5,9.0,19.74,809.46,0.050658561296859174,Increasing,False,False,False,False
C1289,Karthik Patel Systems,Healthcare,India,Delhi,1200.0,2023-02-13,Events,262.68,262.68,5.0,1,99.0,2.3043478260869565,18126.0,5878.4,23.0,2.0,35.85,5.0,38.6,52.536,0.05181347150259067,Decreasing,False,False,False,False
C1290,Riya Singh Systems,Manufacturing,UAE,Dubai,1200.0,2023-05-09,Referral,2578.28,2578.28,10.0,1,429.0,13.15,19734.0,5312.5,20.0,4.0,24.025,7.25,35.81,257.82800000000003,0.1117006422786931,Decreasing,True,False,True,False
C1291,Diya Rao Systems,Retail,USA,Seattle,80.0,2024-11-30,Outbound,60.76,60.76,4.0,1,38.0,16.0,1083.0,559.7,2.0,4.0,18.25,7.75,17.05,15.19,0.2346041055718475,Increasing,False,False,False,False
C1292,Divya Sharma Technologies,Healthcare,UAE,Dubai,3000.0,2024-06-08,Paid Ads,262.68,262.68,5.0,1,148.0,13.428571428571429,7588.0,1742.6,7.0,4.0,49.75,5.25,22.8,52.536,0.17543859649122806,Increasing,False,False,False,False
C1293,Tara Joshi Systems,Education,USA,Boston,80.0,2024-06-01,Paid Ads,278.6,278.6,6.0,1,26.0,1.7142857142857142,7099.0,1628.1000000000001,7.0,6.0,25.75,6.0,23.03,46.43333333333334,0.26052974381241856,Increasing,False,False,False,False
C1294,Meera Singh Group,Education,India,Chennai,12.0,2023-07-24,Organic Search,358.2,358.2,11.0,1,54.0,4.0,5014.0,954.1,8.0,4.0,31.5,6.0,33.31,32.56363636363636,0.12008405884118882,Decreasing,False,False,False,False
C1295,Aman Joshi Group,Logistics,India,Bengaluru,80.0,2024-05-05,Outbound,278.6,278.6,6.0,1,34.0,2.375,10257.0,1979.5,8.0,0.0,,,23.92,46.43333333333334,0.0,Increasing,False,False,False,False
C1296,Saanvi Khan Group,Healthcare,India,Hyderabad,12.0,2023-02-12,Partner,658.68,658.68,5.0,1,270.0,7.260869565217392,35849.0,5533.3,23.0,4.0,21.525,7.25,38.63,131.736,0.10354646647683147,Decreasing,False,False,False,False
C1297,Naveen Sharma Technologies,Manufacturing,India,Bengaluru,1200.0,2023-09-16,Partner,698.6,698.6,6.0,1,249.0,8.0625,21600.0,3892.8,16.0,5.0,21.32,5.6,31.54,116.43333333333334,0.15852885225110971,Increasing,False,False,False,False
C1298,Riya Menon Systems,Media,Singapore,Singapore,35.0,2023-04-14,Paid Ads,56.84,56.84,3.0,1,86.0,2.4761904761904763,33580.0,5773.7,21.0,4.0,28.75,6.5,36.63,18.94666666666667,0.1092001092001092,Decreasing,False,False,False,False
C1299,Rahul Iyer Group,Healthcare,UK,London,12.0,2023-08-23,Paid Ads,374.12,374.12,12.0,1,90.0,2.2941176470588234,15257.0,4051.2,17.0,2.0,36.35,6.0,32.33,31.176666666666666,0.06186204763377668,Decreasing,False,False,False,False
C1300,Krishna Sharma Solutions,Retail,India,Hyderabad,150.0,2023-06-19,Paid Ads,278.6,278.6,6.0,1,380.0,12.052631578947368,34583.0,4866.2,19.0,3.0,46.93333333333334,6.666666666666667,34.46,46.43333333333334,0.08705745792222867,Decreasing,False,False,True,False
C1301,Sanjay Verma Industries,Logistics,UK,London,80.0,2023-02-23,Organic Search,230.84,230.84,3.0,1,11.0,0.4,6813.0,812.3000000000001,5.0,2.0,26.4,7.5,38.27,76.94666666666667,0.052260256075254766,Decreasing,False,False,False,False
C1302,Ishaan Singh Industries,Logistics,Singapore,Singapore,150.0,2024-05-13,Organic Search,778.44,778.44,8.0,1,77.0,6.25,8309.0,1825.5,8.0,3.0,48.800000000000004,4.333333333333333,23.65,97.305,0.12684989429175478,Increasing,False,False,False,False
C1303,Farhan Khan Systems,Healthcare,India,Delhi,80.0,2023-08-15,Referral,72.52,72.52,7.0,1,114.0,3.2941176470588234,25160.0,3768.5,17.0,7.0,39.785714285714285,4.857142857142857,32.59,10.36,0.21478981282602022,Decreasing,False,False,False,False
C1304,Karthik Sharma Group,Finance,UK,London,400.0,2023-10-18,Paid Ads,64.68,64.68,5.0,1,67.0,2.6666666666666665,19245.0,3904.9,15.0,4.0,29.3,3.5,30.49,12.936000000000002,0.13119055428009185,Increasing,False,False,False,False
C1305,Ananya Reddy Solutions,Manufacturing,UK,Manchester,400.0,2024-11-01,Organic Search,262.68,262.68,7.0,1,3.0,0.5,1195.0,452.9,2.0,5.0,34.04,4.4,18.0,37.52571428571429,0.2777777777777778,Increasing,False,False,False,False
C1306,Ananya Nair Systems,Media,India,Pune,80.0,2024-06-24,Partner,72.52,72.52,7.0,1,58.0,3.5714285714285716,1996.0,1819.7,7.0,3.0,53.53333333333334,7.0,22.27,10.36,0.1347103726986978,Increasing,False,False,False,False
C1307,Rahul Reddy Technologies,Media,India,Delhi,35.0,2023-09-03,Partner,278.6,278.6,6.0,1,318.0,12.9375,23183.0,3595.7,16.0,4.0,20.65,6.5,31.96,46.43333333333334,0.1251564455569462,Decreasing,False,False,False,False
C1308,Naveen Gupta Labs,Unknown,UK,Manchester,35.0,2024-07-25,Paid Ads,2458.36,2458.36,9.0,1,20.0,1.5,8021.0,1899.9,6.0,1.0,33.5,6.0,21.25,273.1511111111111,0.047058823529411764,Increasing,True,False,False,False
C1309,Diya Gupta Labs,Education,Singapore,Singapore,35.0,2023-02-06,Partner,80.36,80.36,9.0,1,183.0,4.6521739130434785,29738.0,6219.4,23.0,3.0,25.96666666666667,7.333333333333333,38.83,8.928888888888888,0.07725985063095545,Decreasing,False,False,False,False
C1310,Riya Das Technologies,Logistics,UK,Manchester,3000.0,2024-08-25,Partner,778.44,778.44,8.0,1,45.0,4.0,13369.0,1260.3,5.0,3.0,46.133333333333326,4.666666666666667,20.24,97.305,0.1482213438735178,Increasing,False,False,False,False
C1311,Kavya Rao Labs,Education,India,Chennai,80.0,2024-03-25,Partner,64.68,64.68,5.0,1,9.0,0.75,3374.0,688.5,4.0,1.0,32.0,6.0,25.26,12.936000000000002,0.0395882818685669,Decreasing,False,False,False,False
C1312,Saanvi Bose Labs,Logistics,Singapore,Singapore,150.0,2023-12-05,Outbound,326.36,326.36,9.0,1,61.0,2.076923076923077,15900.0,4051.4,13.0,5.0,30.96,5.2,28.91,36.26222222222222,0.17295053614666206,Increasing,False,False,False,False
C1313,Krishna Joshi Solutions,Manufacturing,UK,Manchester,80.0,2023-06-30,Partner,1978.68,1978.68,5.0,1,315.0,9.263157894736842,17519.0,5072.7,19.0,9.0,45.12222222222222,6.0,34.1,395.736,0.26392961876832843,Decreasing,True,False,False,True
C1314,Isha Joshi Industries,Healthcare,UK,London,150.0,2023-01-05,Paid Ads,310.44,310.44,8.0,1,328.0,7.541666666666667,27367.0,6332.6,24.0,2.0,23.799999999999997,6.0,39.88,38.805,0.05015045135406218,Decreasing,False,False,False,False
C1315,Arjun Das Solutions,Manufacturing,India,Pune,35.0,2024-07-13,Organic Search,52.92,52.92,2.0,1,92.0,9.0,7901.0,1652.9,6.0,1.0,26.9,6.0,21.65,26.46,0.046189376443418015,Increasing,False,False,False,False
C1316,Deepak Reddy Group,Education,India,Pune,80.0,2023-08-28,Events,342.28,342.28,10.0,1,56.0,1.411764705882353,23575.0,4250.7,17.0,2.0,38.55,4.5,32.16,34.227999999999994,0.06218905472636817,Decreasing,False,False,False,False
C1317,Divya Patel Systems,Retail,India,Mumbai,80.0,2024-08-17,Outbound,326.36,326.36,9.0,1,29.0,3.0,6862.0,1219.8,5.0,4.0,34.85,4.75,20.5,36.26222222222222,0.1951219512195122,Increasing,False,False,False,False
C1318,Vihaan Sharma Labs,Media,India,Mumbai,35.0,2023-09-28,Paid Ads,64.68,64.68,5.0,1,130.0,4.375,15540.0,4100.8,16.0,2.0,27.4,6.0,31.14,12.936000000000002,0.06422607578676942,Decreasing,False,False,False,False
C1319,Divya Bose Group,Finance,India,Delhi,35.0,2024-08-05,Organic Search,294.52,294.52,6.0,1,59.0,6.4,7850.0,1122.0,5.0,4.0,34.625,5.5,20.89,49.086666666666666,0.19147917663954045,Increasing,False,False,False,False
C1320,Vihaan Nair Labs,Retail,India,Pune,1200.0,2024-05-16,Paid Ads,326.36,326.36,9.0,1,108.0,7.875,8942.0,1037.3,8.0,1.0,62.7,3.0,23.55,36.26222222222222,0.04246284501061571,Increasing,False,False,False,False
C1321,Nikita Sharma Group,Logistics,UK,London,1200.0,2024-08-03,Paid Ads,68.6,68.6,6.0,1,58.0,6.8,6043.0,1281.7,5.0,5.0,29.96,4.6,20.96,11.433333333333332,0.23854961832061067,Increasing,False,False,False,False
C1322,Arjun Khan Systems,Finance,India,Hyderabad,400.0,2023-09-12,Events,294.52,294.52,7.0,1,187.0,6.4375,14926.0,3556.0,16.0,5.0,43.9,5.8,31.67,42.074285714285715,0.15787811809283234,Decreasing,False,False,False,False
C1323,Pooja Verma Labs,Manufacturing,Singapore,Singapore,12.0,2023-10-30,Paid Ads,68.6,68.6,6.0,1,119.0,4.733333333333333,25779.0,3884.7,15.0,4.0,52.625,7.0,30.09,11.433333333333332,0.13293452974410103,Decreasing,False,False,False,False
C1324,Karthik Reddy Technologies,Media,India,Bengaluru,400.0,2023-02-10,Referral,2458.36,2458.36,9.0,1,464.0,12.217391304347826,27156.0,6137.2,23.0,4.0,19.3,4.75,38.7,273.1511111111111,0.10335917312661498,Decreasing,True,False,True,False
C1325,Ishaan Reddy Group,Healthcare,UK,London,3000.0,2023-05-09,Paid Ads,2338.44,2338.44,8.0,1,91.0,2.4,20107.0,5372.2,20.0,4.0,62.10000000000001,5.0,35.81,292.305,0.1117006422786931,Decreasing,True,False,False,False
C1326,Naveen Sharma Labs,Manufacturing,UK,Manchester,80.0,2023-03-26,Organic Search,76.44,76.44,8.0,1,375.0,9.090909090909092,28413.0,5655.7,22.0,1.0,16.7,4.0,37.25,9.555,0.026845637583892617,Decreasing,False,False,True,False
C1327,Nikita Menon Group,Media,India,Chennai,1200.0,2023-01-09,Organic Search,2098.6,2098.6,6.0,1,281.0,7.5,35133.0,6907.5,24.0,5.0,42.28,5.4,39.75,349.76666666666665,0.12578616352201258,Decreasing,True,False,False,False
C1328,Karthik Nair Labs,Media,USA,Austin,12.0,2023-05-26,Paid Ads,342.28,342.28,10.0,1,115.0,6.0,6444.0,2256.3,12.0,4.0,46.775,3.75,35.25,34.227999999999994,0.11347517730496454,Decreasing,False,False,False,False
C1329,Kavya Das Group,Finance,India,Mumbai,400.0,2024-06-11,Referral,76.44,76.44,8.0,1,23.0,1.1428571428571428,12493.0,1366.4,7.0,3.0,25.933333333333334,4.333333333333333,22.7,9.555,0.13215859030837004,Increasing,False,False,False,False
C1330,Ananya Sharma Group,Finance,USA,Austin,12.0,2023-05-14,Outbound,538.92,538.92,2.0,1,61.0,1.25,21236.0,5241.7,20.0,1.0,25.5,3.0,35.64,269.46,0.028058361391694726,Decreasing,False,False,False,False
C1331,Krishna Bose Industries,Finance,UAE,Abu Dhabi,150.0,2023-08-24,Events,310.44,310.44,8.0,1,162.0,5.117647058823529,11401.0,2798.7999999999997,17.0,2.0,21.5,5.5,32.29,38.805,0.06193868070610096,Decreasing,False,False,False,False
C1332,Diya Singh Labs,Finance,India,Chennai,35.0,2024-11-11,Events,618.76,618.76,4.0,1,47.0,9.5,3926.0,645.0999999999999,2.0,1.0,29.1,3.0,17.67,154.69,0.05659309564233163,Increasing,False,False,False,False
C1333,Aditya Nair Systems,Healthcare,UK,London,12.0,2023-05-18,Referral,278.6,278.6,6.0,1,156.0,6.285714285714286,10453.0,2117.0,14.0,5.0,34.959999999999994,4.4,35.51,46.43333333333334,0.14080540692762603,Decreasing,False,False,False,False
C1334,Sai Menon Group,Manufacturing,India,Hyderabad,12.0,2025-01-02,Partner,1978.68,1978.68,5.0,1,0.0,0.0,0.0,0.0,0.0,1.0,35.7,1.0,15.97,395.736,0.06261740763932373,No Usage Data,True,False,False,False
C1335,Karthik Rao Systems,Logistics,India,Chennai,1200.0,2023-08-16,Organic Search,778.44,778.44,8.0,1,371.0,13.235294117647058,32222.0,3873.7,17.0,4.0,40.825,4.75,32.56,97.305,0.12285012285012284,Decreasing,False,False,True,False
C1336,Sai Reddy Industries,Education,UAE,Abu Dhabi,150.0,2023-06-03,Partner,658.68,658.68,5.0,1,135.0,3.5789473684210527,24018.0,4746.2,19.0,1.0,8.1,2.0,34.99,131.736,0.028579594169762787,Decreasing,False,False,False,False
C1337,Rohan Patel Systems,Finance,USA,Seattle,400.0,2024-01-16,Organic Search,230.84,230.84,3.0,1,24.0,0.5833333333333334,8117.0,2377.6,12.0,0.0,,,27.53,76.94666666666667,0.0,Decreasing,False,False,False,False
C1338,Aadhya Singh Systems,Manufacturing,USA,Austin,150.0,2023-04-20,Referral,342.28,342.28,10.0,1,324.0,8.80952380952381,25562.0,4087.5,21.0,6.0,36.78333333333334,7.333333333333333,36.43,34.227999999999994,0.16469942355201758,Decreasing,False,False,False,False
C1339,Nikita Iyer Group,Education,UAE,Abu Dhabi,80.0,2023-02-23,Partner,278.6,278.6,6.0,1,199.0,5.086956521739131,39221.0,5427.7,23.0,5.0,38.08,4.0,38.27,46.43333333333334,0.1306506401881369,Decreasing,False,False,False,False
C1340,Zoya Joshi Technologies,Healthcare,India,Mumbai,400.0,2024-03-06,Referral,88.2,88.2,11.0,1,167.0,10.5,12606.0,2544.1,10.0,2.0,24.950000000000003,6.5,25.89,8.018181818181818,0.0772499034376207,Increasing,False,False,False,False
C1341,Isha Singh Group,Healthcare,India,Delhi,150.0,2023-03-06,Paid Ads,2218.52,2218.52,7.0,1,343.0,8.363636363636363,22093.0,5804.1,22.0,4.0,16.275,5.5,37.91,316.93142857142857,0.10551305724083357,Decreasing,True,False,False,False
C1342,Divya Joshi Systems,Healthcare,India,Pune,12.0,2023-05-29,Referral,76.44,76.44,8.0,1,133.0,3.75,30750.0,5193.0,20.0,4.0,18.1,6.5,35.15,9.555,0.11379800853485064,Decreasing,False,False,False,False
C1343,Isha Iyer Technologies,Manufacturing,USA,Boston,80.0,2024-12-12,Referral,72.52,72.52,7.0,1,6.0,2.0,646.0,216.6,1.0,0.0,,,16.66,10.36,0.0,Increasing,False,False,False,False
C1344,Naveen Verma Technologies,Finance,India,Pune,400.0,2023-08-31,Paid Ads,262.68,262.68,5.0,1,327.0,10.588235294117647,19815.0,4157.9,17.0,2.0,32.8,8.0,32.06,52.536,0.06238303181534622,Decreasing,False,False,False,False
C1345,Rahul Gupta Group,Retail,UAE,Abu Dhabi,150.0,2024-02-03,Paid Ads,294.52,294.52,5.0,1,260.0,11.727272727272727,7106.0,2910.7,11.0,2.0,11.8,7.5,26.94,58.903999999999996,0.07423904974016332,Increasing,False,False,False,False
C1346,Krishna Sharma Group,Retail,UAE,Abu Dhabi,1200.0,2024-10-09,Partner,326.36,326.36,9.0,1,56.0,15.0,2600.0,650.0,3.0,6.0,39.699999999999996,6.0,18.76,36.26222222222222,0.3198294243070362,Increasing,False,False,False,False
C1347,Deepak Khan Solutions,Manufacturing,India,Hyderabad,80.0,2023-11-03,Referral,72.52,72.52,7.0,1,260.0,9.571428571428571,19501.0,3277.2,14.0,0.0,,,29.96,10.36,0.0,Decreasing,False,False,False,False
C1348,Aditya Menon Labs,Healthcare,USA,Boston,12.0,2023-11-16,Referral,618.76,618.76,4.0,1,91.0,3.4285714285714284,17783.0,3216.3,14.0,3.0,24.0,5.666666666666667,29.53,154.69,0.1015916017609211,Increasing,False,False,False,False
C1349,Krishna Joshi Systems,Finance,India,Chennai,80.0,2024-02-20,Referral,2458.36,2458.36,9.0,1,77.0,4.090909090909091,13157.0,2811.2,11.0,3.0,40.833333333333336,5.333333333333333,26.38,273.1511111111111,0.11372251705837756,Increasing,True,False,False,False
C1350,Deepak Gupta Labs,Education,India,Hyderabad,400.0,2023-07-28,Referral,1978.68,1978.68,5.0,1,340.0,11.0,13178.0,5130.8,18.0,4.0,31.8,5.5,33.18,395.736,0.12055455093429777,Decreasing,True,False,False,False
C1351,Priya Gupta Systems,Retail,India,Pune,150.0,2023-04-17,Partner,76.44,76.44,8.0,1,100.0,2.380952380952381,25714.0,4817.0,21.0,5.0,34.18,5.4,36.53,9.555,0.13687380235422938,Decreasing,False,False,False,False
C1352,Aditya Patel Industries,Manufacturing,India,Hyderabad,1200.0,2024-03-14,Organic Search,2578.28,2578.28,10.0,1,95.0,6.0,9294.0,2619.7,10.0,4.0,22.475,6.0,25.62,257.82800000000003,0.156128024980484,Increasing,True,False,False,False
C1353,Farhan Gupta Labs,Retail,UAE,Abu Dhabi,400.0,2025-01-05,Referral,68.6,68.6,6.0,1,0.0,0.0,0.0,0.0,0.0,2.0,39.5,6.5,15.87,11.433333333333332,0.12602394454946442,No Usage Data,False,False,False,False
C1354,Vivaan Reddy Group,Retail,India,Delhi,35.0,2023-01-07,Referral,99.96,99.96,14.0,1,378.0,7.708333333333333,28945.0,5921.9,24.0,4.0,44.225,5.5,39.82,7.14,0.10045203415369161,Decreasing,False,False,True,False
C1355,Nikita Reddy Technologies,Finance,UK,Manchester,400.0,2024-10-08,Paid Ads,294.52,294.52,11.0,1,26.0,4.0,549.0,642.7,3.0,4.0,38.75,5.0,18.79,26.774545454545454,0.212879191059074,Increasing,False,False,False,False
C1356,Divya Joshi Industries,Retail,India,Pune,35.0,2024-02-20,Paid Ads,618.76,618.76,4.0,1,91.0,4.636363636363637,15046.0,2665.6,11.0,2.0,24.95,5.0,26.38,154.69,0.0758150113722517,Increasing,False,False,False,False
C1357,Saanvi Menon Labs,Media,India,Mumbai,400.0,2023-01-20,Referral,262.68,262.68,5.0,1,233.0,5.583333333333333,27064.0,5955.8,24.0,3.0,33.233333333333334,6.333333333333333,39.39,52.536,0.07616146230007616,Decreasing,False,False,False,False
C1358,Diya Das Systems,Logistics,India,Pune,3000.0,2023-07-20,Paid Ads,64.68,64.68,5.0,1,179.0,5.75,15750.0,2483.7,16.0,4.0,18.85,6.0,33.44,12.936000000000002,0.11961722488038279,Decreasing,False,False,False,False
C1359,Aman Rao Group,Finance,India,Chennai,400.0,2025-01-24,Outbound,658.68,658.68,5.0,1,0.0,0.0,0.0,0.0,0.0,3.0,26.133333333333336,6.666666666666667,15.24,131.736,0.19685039370078738,No Usage Data,False,False,False,False
C1360,Deepak Gupta Group,Education,India,Pune,12.0,2024-08-04,Referral,60.76,60.76,4.0,1,31.0,3.0,4024.0,1431.0,5.0,2.0,51.7,4.5,20.93,15.19,0.09555661729574773,Increasing,False,False,False,False
C1361,Meera Khan Systems,Retail,USA,Boston,35.0,2024-10-27,Partner,658.68,658.68,5.0,1,57.0,7.0,2829.0,666.7,3.0,1.0,24.1,5.0,18.17,131.736,0.0550357732526142,Increasing,False,False,False,False
C1362,Aditya Patel Solutions,Education,India,Mumbai,12.0,2023-03-31,Outbound,64.68,64.68,5.0,1,272.0,6.181818181818182,26479.0,5805.2,22.0,6.0,51.15,3.3333333333333335,37.09,12.936000000000002,0.1617686708007549,Decreasing,False,False,False,False
C1363,Pooja Gupta Group,Logistics,India,Pune,35.0,2024-08-10,Events,310.44,310.44,8.0,1,34.0,3.2,5301.0,1284.0,5.0,6.0,40.38333333333333,5.666666666666667,20.73,38.805,0.2894356005788712,Increasing,False,False,False,False
C1364,Aarav Bose Labs,Manufacturing,India,Delhi,150.0,2023-12-01,Paid Ads,1978.68,1978.68,5.0,1,159.0,6.0,8615.0,2988.5,13.0,4.0,32.0,4.5,29.04,395.736,0.13774104683195593,Increasing,True,False,False,False
C1365,Diya Joshi Industries,Finance,India,Hyderabad,35.0,2024-06-26,Events,778.44,778.44,8.0,1,141.0,11.571428571428571,9231.0,2000.6,7.0,1.0,38.7,1.0,22.21,97.305,0.04502476361999099,Increasing,False,False,False,False
C1366,Kavya Verma Labs,Education,India,Chennai,35.0,2024-06-05,Partner,278.6,278.6,6.0,1,107.0,8.428571428571429,7097.0,2152.4,7.0,6.0,37.416666666666664,5.666666666666667,22.9,46.43333333333334,0.26200873362445415,Increasing,False,False,False,False
C1367,Kiara Gupta Industries,Logistics,India,Delhi,400.0,2024-11-01,Paid Ads,76.44,76.44,8.0,1,30.0,9.5,1044.0,394.4,2.0,4.0,40.775,5.25,18.0,9.555,0.2222222222222222,Increasing,False,False,False,False
C1368,Priya Singh Solutions,Healthcare,India,Chennai,12.0,2024-09-09,Organic Search,52.92,52.92,2.0,1,59.0,7.75,3218.0,802.4,4.0,3.0,20.46666666666667,7.333333333333333,19.74,26.46,0.15197568389057753,Increasing,False,False,False,False
C1369,Meera Reddy Industries,Retail,USA,Seattle,80.0,2024-11-29,Referral,2098.6,2098.6,6.0,1,39.0,13.5,1702.0,386.6,2.0,5.0,46.2,5.2,17.08,349.76666666666665,0.29274004683840754,Increasing,True,False,False,False
C1370,Arun Joshi Group,Logistics,India,Pune,12.0,2023-11-03,Paid Ads,658.68,658.68,5.0,1,117.0,4.0,20215.0,3375.7,14.0,2.0,34.75,5.5,29.96,131.736,0.06675567423230974,Increasing,False,False,False,False
C1371,Nikita Singh Technologies,Finance,India,Pune,400.0,2023-10-08,Organic Search,262.68,262.68,5.0,1,213.0,7.6,11450.0,3404.2,15.0,4.0,32.65,6.5,30.81,52.536,0.12982797792924375,Decreasing,False,False,False,False
C1372,Isha Joshi Group,Retail,India,Hyderabad,150.0,2024-07-15,Outbound,294.52,294.52,7.0,1,135.0,11.333333333333334,10411.0,1409.4,6.0,3.0,55.9,5.666666666666667,21.58,42.074285714285715,0.13901760889712697,Increasing,False,False,False,False
C1373,Naveen Patel Group,Logistics,India,Pune,400.0,2023-09-20,Referral,60.76,60.76,4.0,1,259.0,9.0625,17279.0,3595.6,16.0,1.0,60.5,5.0,31.41,15.19,0.03183699458771092,Decreasing,False,False,False,False
C1374,Ananya Joshi Industries,Finance,USA,Seattle,80.0,2023-12-11,Events,778.44,778.44,8.0,1,182.0,6.846153846153846,16074.0,2841.3,13.0,3.0,44.56666666666666,6.333333333333333,28.71,97.305,0.1044932079414838,Increasing,False,False,False,False
C1375,Tara Bose Group,Healthcare,Singapore,Singapore,3000.0,2023-03-30,Paid Ads,68.6,68.6,6.0,1,65.0,1.4545454545454546,14998.0,4614.0,22.0,4.0,36.575,4.75,37.12,11.433333333333332,0.10775862068965518,Decreasing,False,False,False,False
C1376,Vivaan Khan Systems,Media,India,Delhi,400.0,2023-06-29,Partner,310.44,310.44,8.0,1,390.0,12.473684210526315,18075.0,4472.3,19.0,1.0,23.1,7.0,34.13,38.805,0.029299736302373276,Decreasing,False,False,True,False
C1377,Zoya Bose Technologies,Logistics,Singapore,Singapore,35.0,2024-07-09,Organic Search,698.6,698.6,6.0,1,61.0,4.666666666666667,5568.0,918.5,6.0,5.0,39.239999999999995,6.2,21.78,116.43333333333334,0.2295684113865932,Increasing,False,False,False,False
C1378,Sneha Reddy Solutions,Logistics,India,Bengaluru,80.0,2023-11-27,Outbound,383.20000000000005,191.60000000000002,12.0,2,23.0,0.5,12094.0,2126.9,14.0,4.0,53.199999999999996,3.0,29.17,31.933333333333337,0.13712718546451833,Decreasing,False,False,False,False
C1379,Pooja Rao Labs,Media,UK,Manchester,1200.0,2024-02-09,Referral,60.76,60.76,4.0,1,153.0,8.272727272727273,17385.0,2762.1,11.0,6.0,25.849999999999998,6.833333333333333,26.74,15.19,0.2243829468960359,Increasing,False,False,False,False
C1380,Ishaan Reddy Labs,Media,Singapore,Singapore,80.0,2024-06-11,Partner,1618.92,1618.92,2.0,1,98.0,8.0,4795.0,1041.8,7.0,4.0,32.65,6.25,22.7,809.46,0.1762114537444934,Increasing,False,False,False,False
C1381,Diya Nair Systems,Media,USA,Seattle,150.0,2023-05-27,Paid Ads,2218.52,2218.52,7.0,1,122.0,3.75,19174.0,3539.7,20.0,3.0,28.633333333333336,6.666666666666667,35.22,316.93142857142857,0.08517887563884156,Decreasing,True,False,False,False
C1382,Sai Singh Systems,Logistics,India,Pune,400.0,2024-09-25,Outbound,68.6,68.6,6.0,1,57.0,10.25,2293.0,824.7,4.0,1.0,11.9,8.0,19.22,11.433333333333332,0.052029136316337155,Increasing,False,False,False,False
C1383,Myra Patel Solutions,Logistics,USA,Boston,12.0,2024-08-04,Partner,92.12,92.12,12.0,1,15.0,1.4,4430.0,1196.4,5.0,6.0,47.416666666666664,5.833333333333333,20.93,7.676666666666667,0.2866698518872432,Increasing,False,False,False,False
C1384,Arjun Joshi Technologies,Finance,India,Pune,1200.0,2024-08-26,Organic Search,2098.6,2098.6,6.0,1,61.0,7.4,10271.0,1455.2,5.0,3.0,13.9,7.0,20.2,349.76666666666665,0.1485148514851485,Increasing,True,False,False,False
C1385,Vihaan Das Group,Logistics,India,Hyderabad,12.0,2024-11-14,Paid Ads,2218.52,2218.52,7.0,1,3.0,0.5,3759.0,155.89999999999998,2.0,5.0,52.879999999999995,5.2,17.58,316.93142857142857,0.28441410693970426,Increasing,True,False,False,False
C1386,Naveen Singh Technologies,Media,USA,Seattle,12.0,2023-01-21,Referral,72.52,72.52,7.0,1,383.0,8.416666666666666,37376.0,6491.4,24.0,6.0,39.43333333333333,5.333333333333333,39.36,10.36,0.1524390243902439,Decreasing,False,False,True,False
C1387,Arun Nair Solutions,Finance,India,Chennai,35.0,2024-03-20,Outbound,310.44,310.44,8.0,1,198.0,12.0,8754.0,2188.3,10.0,4.0,45.575,6.75,25.43,38.805,0.15729453401494298,Increasing,False,False,False,False
C1388,Sai Bose Group,Retail,India,Mumbai,400.0,2023-06-08,Paid Ads,310.44,310.44,8.0,1,205.0,5.526315789473684,19246.0,4486.2,19.0,1.0,42.7,3.0,34.82,38.805,0.02871912693854107,Decreasing,False,False,False,False
C1389,Meera Sharma Industries,Education,UAE,Dubai,400.0,2024-01-01,Outbound,738.52,738.52,7.0,1,137.0,5.5,14494.0,2479.7,12.0,2.0,32.65,3.5,28.02,105.50285714285714,0.07137758743754462,Increasing,False,False,False,False
C1390,Rahul Reddy Labs,Retail,UK,London,150.0,2024-03-01,Outbound,278.6,278.6,6.0,1,18.0,0.5,2927.0,1417.5,10.0,5.0,22.119999999999997,6.6,26.05,46.43333333333334,0.19193857965451055,Increasing,False,False,False,False
C1391,Nikita Verma Industries,Logistics,India,Chennai,12.0,2023-11-11,Paid Ads,68.6,68.6,6.0,1,30.0,0.9285714285714286,17849.0,3522.9,14.0,5.0,36.78,5.2,29.7,11.433333333333332,0.16835016835016836,Stable,False,False,False,False
C1392,Ananya Rao Industries,Media,UAE,Dubai,400.0,2023-04-08,Outbound,64.68,64.68,5.0,1,390.0,11.380952380952381,20619.0,4813.3,21.0,2.0,39.9,4.5,36.83,12.936000000000002,0.054303556882975834,Decreasing,False,False,True,False
C1393,Sneha Bose Technologies,Manufacturing,UAE,Dubai,35.0,2023-10-06,Outbound,278.6,278.6,6.0,1,335.0,12.2,12121.0,3897.7,15.0,3.0,36.0,6.333333333333333,30.88,46.43333333333334,0.09715025906735751,Decreasing,False,False,False,False
C1394,Sai Menon Group,Retail,Singapore,Singapore,12.0,2023-05-07,Partner,278.6,278.6,6.0,1,269.0,7.15,21963.0,4565.3,20.0,3.0,40.699999999999996,4.0,35.87,46.43333333333334,0.08363534987454697,Decreasing,False,False,False,False
C1395,Deepak Patel Labs,Education,Singapore,Singapore,12.0,2024-11-05,Paid Ads,3177.88,3177.88,15.0,1,24.0,7.5,1661.0,515.4,2.0,5.0,32.739999999999995,5.6,17.87,211.85866666666666,0.27979854504756574,Increasing,True,False,False,False
C1396,Sai Joshi Systems,Finance,India,Bengaluru,80.0,2023-12-18,Events,326.36,326.36,9.0,1,67.0,4.428571428571429,4077.0,1243.5,7.0,3.0,28.900000000000002,6.333333333333333,28.48,36.26222222222222,0.10533707865168539,Decreasing,False,False,False,False
C1397,Divya Reddy Group,Logistics,UAE,Dubai,80.0,2024-12-20,Paid Ads,938.12,938.12,12.0,1,13.0,8.0,16.0,317.7,1.0,3.0,23.433333333333337,6.333333333333333,16.39,78.17666666666666,0.1830384380719951,Increasing,False,False,False,False
C1398,Zoya Rao Group,Healthcare,USA,Boston,3000.0,2024-01-21,Events,326.36,326.36,9.0,1,41.0,1.25,9588.0,1926.9,12.0,4.0,48.150000000000006,4.75,27.37,36.26222222222222,0.14614541468761416,Decreasing,False,False,False,False
C1399,Aman Patel Technologies,Healthcare,USA,Boston,80.0,2024-03-29,Paid Ads,658.68,658.68,5.0,1,82.0,5.4,6783.0,1484.0,10.0,1.0,57.6,4.0,25.13,131.736,0.03979307600477517,Increasing,False,False,False,False
C1400,Arjun Bose Solutions,Education,India,Delhi,80.0,2024-10-18,Events,294.52,294.52,7.0,1,32.0,7.0,5950.0,891.9,3.0,2.0,53.55,8.0,18.46,42.074285714285715,0.10834236186348863,Increasing,False,False,False,False
C1401,Naveen Gupta Solutions,Finance,India,Bengaluru,80.0,2024-03-15,Events,342.28,342.28,10.0,1,27.0,1.0,3975.0,2021.3,10.0,4.0,33.975,5.25,25.59,34.227999999999994,0.15631105900742479,Increasing,False,False,False,False
C1402,Rohan Reddy Industries,Manufacturing,India,Chennai,35.0,2024-12-03,Partner,262.68,262.68,5.0,1,13.0,10.0,849.0,74.1,1.0,3.0,55.5,6.666666666666667,16.95,52.536,0.17699115044247787,Increasing,False,False,False,False
C1403,Sai Khan Labs,Media,India,Chennai,35.0,2024-08-15,Organic Search,278.6,278.6,6.0,1,81.0,11.6,4055.0,1043.2,5.0,4.0,34.425,6.75,20.57,46.43333333333334,0.19445794846864364,Increasing,False,False,False,False
C1404,Rahul Nair Labs,Logistics,India,Mumbai,35.0,2024-03-08,Partner,778.44,778.44,8.0,1,97.0,6.2,21353.0,2800.1,10.0,4.0,24.049999999999997,6.5,25.82,97.305,0.15491866769945778,Increasing,False,False,False,False
C1405,Deepak Gupta Labs,Retail,India,Chennai,35.0,2024-04-08,Outbound,246.76,246.76,4.0,1,40.0,2.888888888888889,5040.0,1807.8,9.0,1.0,29.5,6.0,24.8,61.69,0.04032258064516129,Increasing,False,False,False,False
C1406,Vihaan Joshi Group,Education,UK,London,35.0,2024-04-19,Organic Search,278.6,278.6,6.0,1,56.0,3.111111111111111,6046.0,2000.8,9.0,5.0,28.459999999999997,6.0,24.44,46.43333333333334,0.20458265139116202,Increasing,False,False,False,False
C1407,Meera Gupta Labs,Logistics,India,Hyderabad,80.0,2024-10-23,Partner,738.52,738.52,7.0,1,58.0,12.333333333333334,5500.0,712.9,3.0,2.0,17.65,6.5,18.3,105.50285714285714,0.1092896174863388,Increasing,False,False,False,False
C1408,Aarav Reddy Labs,Finance,India,Delhi,12.0,2023-10-21,Events,68.6,68.6,6.0,1,115.0,4.2,18026.0,3963.7,15.0,3.0,32.83333333333333,5.333333333333333,30.39,11.433333333333332,0.09871668311944719,Decreasing,False,False,False,False
C1409,Saanvi Iyer Industries,Unknown,USA,Boston,80.0,2023-05-22,Organic Search,68.6,68.6,6.0,1,77.0,4.6,6868.0,1414.0,10.0,2.0,6.1,8.5,35.38,11.433333333333332,0.05652911249293386,Decreasing,False,False,False,False
C1410,Isha Khan Technologies,Media,India,Hyderabad,12.0,2024-03-18,Organic Search,326.36,326.36,9.0,1,62.0,7.4,1973.0,835.7,5.0,2.0,35.2,5.0,25.49,36.26222222222222,0.07846214201647705,Decreasing,False,False,False,False
C1411,Saanvi Verma Technologies,Education,India,Chennai,150.0,2025-01-07,Organic Search,262.68,262.68,5.0,1,0.0,0.0,0.0,0.0,0.0,5.0,60.2,6.0,15.8,52.536,0.3164556962025316,No Usage Data,False,False,False,False
C1412,Farhan Verma Solutions,Manufacturing,India,Delhi,1200.0,2024-05-15,Referral,2534.8,1267.4,17.0,2,38.0,2.375,6903.0,1136.6,8.0,1.0,70.0,6.0,23.59,149.1058823529412,0.0423908435777872,Increasing,True,True,False,False
C1413,Kiara Joshi Solutions,Finance,India,Bengaluru,80.0,2023-09-11,Organic Search,246.76,246.76,4.0,1,113.0,3.5625,20979.0,3694.6,16.0,3.0,32.06666666666667,7.666666666666667,31.7,61.69,0.09463722397476342,Decreasing,False,False,False,False
C1414,Zoya Joshi Solutions,Education,UK,Manchester,150.0,2023-12-30,Referral,326.36,326.36,9.0,1,78.0,7.166666666666667,4052.0,1057.6,6.0,4.0,21.1,4.5,28.09,36.26222222222222,0.1423994304022784,Decreasing,False,False,False,False
C1415,Sneha Rao Group,Retail,Singapore,Singapore,12.0,2024-02-12,Events,778.44,778.44,8.0,1,92.0,4.636363636363637,16485.0,2493.7,11.0,3.0,41.800000000000004,4.333333333333333,26.64,97.305,0.11261261261261261,Increasing,False,False,False,False
C1416,Sneha Sharma Systems,Healthcare,USA,Austin,400.0,2023-01-04,Partner,658.68,658.68,5.0,1,410.0,8.5,34294.0,6123.9,24.0,4.0,31.7,3.75,39.91,131.736,0.10022550739163118,Decreasing,False,False,True,False
C1417,Naveen Patel Technologies,Healthcare,India,Chennai,80.0,2023-04-07,Events,326.36,326.36,9.0,1,15.0,2.5,4770.0,308.5,2.0,4.0,43.974999999999994,5.0,36.86,36.26222222222222,0.10851871947911015,Decreasing,False,False,False,False
C1418,Naveen Patel Technologies,Manufacturing,India,Delhi,80.0,2023-12-17,Partner,326.36,326.36,9.0,1,96.0,4.230769230769231,16747.0,3222.6,13.0,1.0,55.7,2.0,28.52,36.26222222222222,0.03506311360448808,Decreasing,False,False,False,False
C1419,Diya Nair Industries,Manufacturing,UK,London,150.0,2024-11-29,Organic Search,294.52,294.52,7.0,1,33.0,11.0,2478.0,372.9,2.0,1.0,49.8,8.0,17.08,42.074285714285715,0.0585480093676815,Increasing,False,False,False,False
C1420,Arun Gupta Technologies,Healthcare,USA,Seattle,3000.0,2023-03-07,Organic Search,278.6,278.6,6.0,1,120.0,2.6818181818181817,24182.0,4839.6,22.0,3.0,22.433333333333334,6.333333333333333,37.88,46.43333333333334,0.0791974656810982,Decreasing,False,False,False,False
